BernalilloCountyS,OteroCountyM,EddyCountyS,McKinleyCountyS,McKinleyCountyM,OteroCountyS,EddyCountyM,date,BernalilloCountyM,ChavesCountyM,ChavesCountyS
,,,,,,,,,,
,8 new cases in Otero County,,,20 new cases in McKinley County,,79 new cases in Eddy County,"Nov 8, 2020",276 new cases in Bernalillo County,88 new cases in Chaves County,
,,,,,,,"Nov 8, 2020",,,
,,,,,,,"Nov 6, 2020",,,
,,,,,,,"Nov 6, 2020",,,
,11 new cases in Otero County,,,23 new cases in McKinley County,,19 new cases in Eddy County,"Nov 3, 2020",262 new cases in Bernalillo County,108 new cases in Chaves County,
,,,,,,,"Nov 3, 2020",,,
,48 new cases in Otero County,,,77 new cases in McKinley County,,40 new cases in Eddy County,"Nov 7, 2020",325 new cases in Bernalillo County,56 new cases in Chaves County,
,,,,,,,"Nov 7, 2020",,,
,25 new cases in Otero County,,,38 new cases in McKinley County,,53 new cases in Eddy County,"Nov 4, 2020",266 new cases in Bernalillo County,37 new cases in Chaves County,
,,,,,,,"Nov 4, 2020",,,
,8 new cases in Otero County,,,47 new cases in McKinley County,,9 new cases in Eddy County,"Nov 2, 2020",245 new cases in Bernalillo County,12 new cases in Chaves County,
,,,,,,,"Nov 2, 2020",,,
,7 new cases in Otero County,,,26 new cases in McKinley County,,42 new cases in Eddy County,"Nov 5, 2020",202 new cases in Bernalillo County,53 new cases in Chaves County,
,,,,,,,"Nov 5, 2020",,,
,,,,,,,,,,
,,,,,,,"Nov 4, 2020",,,
,,,,,,,"Nov 4, 2020",,,
,,,,,,,"Nov 2, 2020",,,
,,,,,,,"Nov 2, 2020",,,
,24 new cases in Otero County,,,25 new cases in McKinley County,,29 new cases in Eddy County,"Nov 6, 2020",342 new cases in Bernalillo County,38 new cases in Chaves County,
,,,,,,,"Nov 6, 2020",,,
,,,,,,,"Oct 26, 2020",,,
,,,,,,,"Oct 26, 2020",,,
,10 new cases in Otero County,,,20 new cases in McKinley County,,25 new cases in Eddy County,"Oct 26, 2020",173 new cases in Bernalillo County,39 new cases in Chaves County,
,,,,,,,"Oct 26, 2020",,,
,4 new cases in Otero County,,,22 new cases in McKinley County,,44 new cases in Eddy County,"Oct 28, 2020",273 new cases in Bernalillo County,19 new cases in Chaves County,
,,,,,,,"Oct 28, 2020",,,
,15 new cases in Otero County,,,14 new cases in McKinley County,,14 new cases in Eddy County,"Oct 27, 2020",141 new cases in Bernalillo County,15 new cases in Chaves County,
,,,,,,,"Oct 27, 2020",,,
,14 new cases in Otero County,,,25 new cases in McKinley County,,24 new cases in Eddy County,"Oct 29, 2020",260 new cases in Bernalillo County,32 new cases in Chaves County,
,,,,,,,"Oct 29, 2020",,,
,,,,,,,"Oct 30, 2020",,,
,,,,,,,"Oct 30, 2020",,,
,,,,,,,,,,
,21 new cases in Otero County,,,33 new cases in McKinley County,,18 new cases in Eddy County,"Oct 30, 2020",335 new cases in Bernalillo County,29 new cases in Chaves County,
,,,,,,,"Oct 30, 2020",,,
,,,,,,,"Oct 30, 2020",,,
,,,,,,,"Oct 30, 2020",,,
,6 new cases in Otero County,,,22 new cases in McKinley County,,9 new cases in Eddy County,"Oct 31, 2020",187 new cases in Bernalillo County,41 new cases in Chaves County,
,,,,,,,"Oct 31, 2020",,,
,,,,,,,"Oct 23, 2020",,,
,,,,,,,"Oct 23, 2020",,,
,16 new cases in Otero County,,,25 new cases in McKinley County,,51 new cases in Eddy County,"Nov 1, 2020",224 new cases in Bernalillo County,35 new cases in Chaves County,
,,,,,,,"Nov 1, 2020",,,
,,,,,,,"Oct 21, 2020",,,
,,,,,,,"Oct 21, 2020",,,
,,,,,,,"Oct 20, 2020",,,
,,,,,,,"Oct 20, 2020",,,
,16 new cases in Otero County ,,,10 new cases in McKinley County ,,42 new cases in Eddy County ,"Oct 21, 2020",292 new cases in Bernalillo County ,27 new cases in Chaves County ,
,,,,,,,"Oct 21, 2020",,,
,29 new cases in Otero County,,,16 new cases in McKinley County,,21 new cases in Eddy County,"Oct 20, 2020",154 new cases in Bernalillo County,26 new cases in Chaves County,
,,,,,,,"Oct 20, 2020",,,
,7 new cases in Otero County,,,7 new cases in McKinley County,,46 new cases in Eddy County,"Oct 22, 2020",185 new cases in Bernalillo County,31 new cases in Chaves County,
,,,,,,,"Oct 22, 2020",,,
,19 new cases in Otero County,,,32 new cases in McKinley County,,37 new cases in Eddy County,"Oct 23, 2020",197 new cases in Bernalillo County,28 new cases in Chaves County,
,,,,,,,"Oct 23, 2020",,,
,,,,,,,,,,
,34 new cases in Otero County,,,32 new cases in McKinley County,,20 new cases in Eddy County,"Oct 24, 2020",251 new cases in Bernalillo County,47 new cases in Chaves County,
,,,,,,,"Oct 24, 2020",,,
,,,,,,,,,,
,13 new cases in Otero County,,,25 new cases in McKinley County,,39 new cases in Eddy County,"Oct 25, 2020",156 new cases in Bernalillo County,42 new cases in Chaves County,
,,,,,,,"Oct 25, 2020",,,
,,,,,,,"Oct 26, 2020",,,
,,,,,,,"Oct 26, 2020",,,
,,,,,,,"Oct 15, 2020",,,
,,,,,,,"Oct 15, 2020",,,
,2 new cases in Otero County,,,14 new cases in McKinley County,,26 new cases in Eddy County,"Oct 15, 2020",303 new cases in Bernalillo County,37 new cases in Chaves County,
,,,,,,,"Oct 15, 2020",,,
,,,,,,,"Oct 16, 2020",,,
,,,,,,,"Oct 16, 2020",,,
,10 new cases in Otero County,,,6 new cases in McKinley County,,18 new cases in Eddy County,"Oct 14, 2020",199 new cases in Bernalillo County,66 new cases in Chaves County,
,,,,,,,"Oct 14, 2020",,,
,23 new cases in Otero County,,,5 new cases in McKinley County,,36 new cases in Eddy County,"Oct 16, 2020",178 new cases in Bernalillo County,26 new cases in Chaves County,
,,,,,,,"Oct 16, 2020",,,
,6 new cases in Otero County,,,7 new cases in McKinley County,,36 new cases in Eddy County,"Oct 17, 2020",191 new cases in Bernalillo County,24 new cases in Chaves County,
,,,,,,,"Oct 17, 2020",,,
,,,,,,,"Oct 15, 2020",,,
,,,,,,,"Oct 15, 2020",,,
,2 new cases in Otero County,,,6 new cases in McKinley County,,13 new cases in Eddy County,"Oct 18, 2020",151 new cases in Bernalillo County,26 new cases in Chaves County,
,,,,,,,"Oct 18, 2020",,,
,16 new cases in Otero County,,,10 new cases in McKinley County,,20 new cases in Eddy County,"Oct 19, 2020",123 new cases in Bernalillo County,30 new cases in Chaves County,
,,,,,,,"Oct 19, 2020",,,
,,,,,,,"Oct 19, 2020",,,
,,,,,,,"Oct 19, 2020",,,
,,,,11 new cases in McKinley County,1 new case in Otero County,23 new cases in Eddy County,"Oct 6, 2020",138 new cases in Bernalillo County,12 new cases in Chaves County,
,,,,,,,"Oct 6, 2020",,,
,4 new cases in Otero County,,,8 new cases in McKinley County,,27 new cases in Eddy County,"Oct 7, 2020",120 new cases in Bernalillo County,35 new cases in Chaves County,
,,,,,,,"Oct 7, 2020",,,
,,,,,,,"Oct 9, 2020",,,
,,,,,,,"Oct 9, 2020",,,
,,,,,,,,,,
,3 new cases in Otero County,,,9 new cases in McKinley County,,14 new cases in Eddy County,"Oct 8, 2020",101 new cases in Bernalillo County,25 new cases in Chaves County,
,,,,,,,"Oct 8, 2020",,,
,5 new cases in Otero County,,,12 new cases in McKinley County,,28 new cases in Eddy County,"Oct 9, 2020",135 new cases in Bernalillo County,41 new cases in Chaves County,
,,,,,,,"Oct 9, 2020",,,
,4 new cases in Otero County,,,9 new cases in McKinley County,,16 new cases in Eddy County,"Oct 10, 2020",167 new cases in Bernalillo County,38 new cases in Chaves County,
,,,,,,,"Oct 10, 2020",,,
,3 new cases in Otero County,1 new case in Eddy County,,4 new cases in McKinley County,,,"Oct 11, 2020",100 new cases in Bernalillo County,27 new cases in Chaves County,
,,,,,,,"Oct 11, 2020",,,
,6 new cases in Otero County,,,11 new cases in McKinley County,,21 new cases in Eddy County,"Oct 12, 2020",130 new cases in Bernalillo County,19 new cases in Chaves County,
,,,,,,,"Oct 12, 2020",,,
,,,,,,,"Oct 13, 2020",,,
,,,,,,,"Oct 13, 2020",,,
,4 new cases in Otero County,,,9 new cases in McKinley County,,6 new cases in Eddy County,"Oct 13, 2020",121 new cases in Bernalillo County,10 new cases in Chaves County,
,,,,,,,"Oct 13, 2020",,,
,,,,5 new cases in McKinley County,1 new case in Otero County,29 new cases in Eddy County,"Sep 27, 2020",32 new cases in Bernalillo County,11 new cases in Chaves County,
,,,,,,,"Sep 27, 2020",,,
,,,,10 new cases in McKinley County,1 new case in Otero County,4 new cases in Eddy County,"Sep 28, 2020",47 new cases in Bernalillo County,5 new cases in Chaves County,
,,,,,,,"Sep 28, 2020",,,
,,,,,,,,,,
,5 new cases in Otero County,,,3 new cases in McKinley County,,14 new cases in Eddy County,"Sep 29, 2020",48 new cases in Bernalillo County,28 new cases in Chaves County,
,,,,,,,"Sep 29, 2020",,,
,4 new cases in Otero County,,,7 new cases in McKinley County,,16 new cases in Eddy County,"Oct 2, 2020",99 new cases in Bernalillo County,32 new cases in Chaves County,
,,,,,,,"Oct 2, 2020",,,
,2 new cases in Otero County,,,6 new cases in McKinley County,,22 new cases in Eddy County,"Sep 30, 2020",61 new cases in Bernalillo County,31 new cases in Chaves County,
,,,,,,,"Sep 30, 2020",,,
,,,,4 new cases in McKinley County,1 new case in Otero County,14 new cases in Eddy County,"Oct 1, 2020",53 new cases in Bernalillo County,40 new cases in Chaves County,
,,,,,,,"Oct 1, 2020",,,
,4 new cases in Otero County,,,2 new cases in McKinley County,,16 new cases in Eddy County,"Oct 3, 2020",75 new cases in Bernalillo County,32 new cases in Chaves County,
,,,,,,,"Oct 3, 2020",,,
,,,,,,5 new cases in Eddy County,"Oct 4, 2020",47 new cases in Bernalillo County,22 new cases in Chaves County,
,,,,,,,"Oct 4, 2020",,,
,,,1 new case in McKinley County,,1 new case in Otero County,,"Oct 5, 2020",51 new cases in Bernalillo County,10 new cases in Chaves County,
,,,,,,,"Oct 5, 2020",,,
,,,,,,,"Oct 6, 2020",,,
,,,,,,,"Oct 6, 2020",,,
,2 new cases in Otero County,,,2 new cases in McKinley County,,15 new cases in Eddy County,"Sep 18, 2020",30 new cases in Bernalillo County,13 new cases in Chaves County,
,,,,,,,"Sep 18, 2020",,,
,,,,,,,"Sep 18, 2020",,,
,,,,,,,"Sep 18, 2020",,,
,,,1 new case in McKinley County,,,8 new cases in Eddy County,"Sep 20, 2020",11 new cases in Bernalillo County,14 new cases in Chaves County,
,,,,,,,"Sep 20, 2020",,,
,2 new cases in Otero County,,,2 new cases in McKinley County,,15 new cases in Eddy County,"Sep 19, 2020",31 new cases in Bernalillo County,10 new cases in Chaves County,
,,,,,,,"Sep 19, 2020",,,
,,,,,,,,,,
,,,1 new case in McKinley County,,1 new case in Otero County,5 new cases in Eddy County,"Sep 21, 2020",27 new cases in Bernalillo County,9 new cases in Chaves County,
,,,,,,,"Sep 21, 2020",,,
,,,,6 new cases in McKinley County,,14 new cases in Eddy County,"Sep 22, 2020",21 new cases in Bernalillo County,4 new cases in Chaves County,
,,,,,,,"Sep 22, 2020",,,
,4 new cases in Otero County,,,3 new cases in McKinley County,,23 new cases in Eddy County,"Sep 24, 2020",58 new cases in Bernalillo County,16 new cases in Chaves County,
,,,,,,,"Sep 24, 2020",,,
,4 new cases in Otero County,,,2 new cases in McKinley County,,22 new cases in Eddy County,"Sep 23, 2020",28 new cases in Bernalillo County,22 new cases in Chaves County,
,,,,,,,"Sep 23, 2020",,,
,6 new cases in Otero County,,,5 new cases in McKinley County,,27 new cases in Eddy County,"Sep 25, 2020",51 new cases in Bernalillo County,33 new cases in Chaves County,
,,,,,,,"Sep 25, 2020",,,
,2 new cases in Otero County,,,2 new cases in McKinley County,,11 new cases in Eddy County,"Sep 26, 2020",40 new cases in Bernalillo County,33 new cases in Chaves County,
,,,,,,,"Sep 26, 2020",,,
,2 new cases in Otero County,,,7 new cases in McKinley County,,4 new cases in Eddy County,"Sep 11, 2020",13 new cases in Bernalillo County,40 new cases in Chaves County,
,,,,,,,"Sep 11, 2020",,,
,,,,6 new cases in McKinley County,1 new case in Otero County,4 new cases in Eddy County,"Sep 9, 2020",6 new cases in Bernalillo County,16 new cases in Chaves County,
,,,,,,,"Sep 9, 2020",,,
,,,,2 new cases in McKinley County,,21 new cases in Eddy County,"Sep 10, 2020",27 new cases in Bernalillo County,31 new cases in Chaves County,
,,,,,,,"Sep 10, 2020",,,
,,,,,,,,,,
,,,,,1 new case in Otero County,,"Sep 14, 2020",22 new cases in Bernalillo County,9 new cases in Chaves County,
,,,,,,,"Sep 14, 2020",,,
,7 new cases in Otero County,,,5 new cases in McKinley County,,6 new cases in Eddy County,"Sep 12, 2020",14 new cases in Bernalillo County,11 new cases in Chaves County,
,,,,,,,"Sep 12, 2020",,,
,,,,12 new cases in McKinley County,1 new case in Otero County,6 new cases in Eddy County,"Sep 15, 2020",17 new cases in Bernalillo County,9 new cases in Chaves County,
,,,,,,,"Sep 15, 2020",,,
,,,,2 new cases in McKinley County,,5 new cases in Eddy County,"Sep 13, 2020",19 new cases in Bernalillo County,29 new cases in Chaves County,
,,,,,,,"Sep 13, 2020",,,
,2 new cases in Otero County,,,5 new cases in McKinley County,,10 new cases in Eddy County,"Sep 17, 2020",38 new cases in Bernalillo County,17 new cases in Chaves County,
,,,,,,,"Sep 17, 2020",,,
,,,,2 new cases in McKinley County,,14 new cases in Eddy County,"Sep 16, 2020",14 new cases in Bernalillo County,10 new cases in Chaves County,
,,,,,,,"Sep 16, 2020",,,
,,,,,,,"Sep 17, 2020",,,
,,,,,,,"Sep 17, 2020",,,
,4 new cases in Otero County,,,10 new cases in McKinley County,,8 new cases in Eddy County,"Sep 1, 2020",30 new cases in Bernalillo County,4 new cases in Chaves County,
,,,,,,,"Sep 1, 2020",,,
,2 new cases in Otero County,,,10 new cases in McKinley County,,13 new cases in Eddy County,"Sep 2, 2020",24 new cases in Bernalillo County,24 new cases in Chaves County,
,,,,,,,"Sep 2, 2020",,,
,3 new cases in Otero County,,,6 new cases in McKinley County,,32 new cases in Eddy County,"Sep 3, 2020",37 new cases in Bernalillo County,22 new cases in Chaves County,
,,,,,,,"Sep 3, 2020",,,
,,,,,,,,,,
,,,,8 new cases in McKinley County,,6 new cases in Eddy County,"Aug 31, 2020",17 new cases in Bernalillo County,6 new cases in Chaves County,
,,,,,,,"Aug 31, 2020",,,
,,,,,,,"Sep 4, 2020",,,
,,,,,,,"Sep 4, 2020",,,
,,,,3 new cases in McKinley County,,8 new cases in Eddy County,"Sep 4, 2020",16 new cases in Bernalillo County,13 new cases in Chaves County,
,,,,,,,"Sep 4, 2020",,,
,,,,9 new cases in McKinley County,,23 new cases in Eddy County,"Sep 5, 2020",24 new cases in Bernalillo County,13 new cases in Chaves County,
,,,,,,,"Sep 5, 2020",,,
,,,,2 new cases in McKinley County,,4 new cases in Eddy County,"Sep 6, 2020",10 new cases in Bernalillo County,16 new cases in Chaves County,
,,,,,,,"Sep 6, 2020",,,
,,,,6 new cases in McKinley County,1 new case in Otero County,4 new cases in Eddy County,"Sep 7, 2020",13 new cases in Bernalillo County,2 new cases in Chaves County,
,,,,,,,"Sep 7, 2020",,,
,,,,6 new cases in McKinley County,1 new case in Otero County,7 new cases in Eddy County,"Aug 25, 2020",14 new cases in Bernalillo County,2 new cases in Chaves County,
,,,,,,,"Aug 25, 2020",,,
,,,,,,,"Aug 26, 2020",,,
,,,,,,,"Aug 26, 2020",,,
,,,,2 new cases in McKinley County,1 new case in Otero County,9 new cases in Eddy County,"Aug 24, 2020",19 new cases in Bernalillo County,4 new cases in Chaves County,
,,,,,,,"Aug 24, 2020",,,
,,,,4 new cases in McKinley County,1 new case in Otero County,24 new cases in Eddy County,"Aug 26, 2020",39 new cases in Bernalillo County,20 new cases in Chaves County,
,,,,,,,"Aug 26, 2020",,,
,,,,,,,,,,
,,,,3 new cases in McKinley County,,9 new cases in Eddy County,"Aug 27, 2020",53 new cases in Bernalillo County,16 new cases in Chaves County,
,,,,,,,"Aug 27, 2020",,,
,,,,,,,"Aug 27, 2020",,,
,,,,,,,"Aug 27, 2020",,,
,,,,15 new cases in McKinley County,,6 new cases in Eddy County,"Aug 29, 2020",31 new cases in Bernalillo County,15 new cases in Chaves County,
,,,,,,,"Aug 29, 2020",,,
,,,,,,,"Aug 28, 2020",,,
,,,,,,,"Aug 28, 2020",,,
,,,,2 new cases in McKinley County,,4 new cases in Eddy County,"Aug 30, 2020",22 new cases in Bernalillo County,28 new cases in Chaves County,
,,,,,,,"Aug 30, 2020",,,
,,,,8 new cases in McKinley County,1 new case in Otero County,10 new cases in Eddy County,"Aug 28, 2020",22 new cases in Bernalillo County,16 new cases in Chaves County,
,,,,,,,"Aug 28, 2020",,,
,2 new cases in Otero County,,,17 new cases in McKinley County,,12 new cases in Eddy County,"Aug 15, 2020",19 new cases in Bernalillo County,9 new cases in Chaves County,
,,,,,,,"Aug 15, 2020",,,
,,,,17 new cases in McKinley County,,3 new cases in Eddy County,"Aug 14, 2020",40 new cases in Bernalillo County,14 new cases in Chaves County,
,,,,,,,"Aug 14, 2020",,,
,,,,,,,,,,
,,,,4 new cases in McKinley County,,3 new cases in Eddy County,"Aug 17, 2020",29 new cases in Bernalillo County,6 new cases in Chaves County,
,,,,,,,"Aug 17, 2020",,,
,2 new cases in Otero County,,,2 new cases in McKinley County,,9 new cases in Eddy County,"Aug 16, 2020",22 new cases in Bernalillo County,11 new cases in Chaves County,
,,,,,,,"Aug 16, 2020",,,
,,,,6 new cases in McKinley County,1 new case in Otero County,3 new cases in Eddy County,"Aug 18, 2020",20 new cases in Bernalillo County,4 new cases in Chaves County,
,,,,,,,"Aug 18, 2020",,,
,,,,4 new cases in McKinley County,,15 new cases in Eddy County,"Aug 19, 2020",33 new cases in Bernalillo County,19 new cases in Chaves County,
,,,,,,,"Aug 19, 2020",,,
,2 new cases in Otero County,,,7 new cases in McKinley County,,11 new cases in Eddy County,"Aug 21, 2020",32 new cases in Bernalillo County,12 new cases in Chaves County,
,,,,,,,"Aug 21, 2020",,,
,,,,6 new cases in McKinley County,1 new case in Otero County,3 new cases in Eddy County,"Aug 20, 2020",59 new cases in Bernalillo County,14 new cases in Chaves County,
,,,,,,,"Aug 20, 2020",,,
,,,1 new case in McKinley County,,,4 new cases in Eddy County,"Sep 8, 2020",22 new cases in Bernalillo County,4 new cases in Chaves County,
,,,,,,,"Sep 8, 2020",,,
,2 new cases in Otero County,,,4 new cases in McKinley County,,7 new cases in Eddy County,"Aug 22, 2020",86 new cases in Bernalillo County,22 new cases in Chaves County,
,,,,,,,"Aug 22, 2020",,,
,,,,5 new cases in McKinley County,,2 new cases in Eddy County,"Aug 23, 2020",17 new cases in Bernalillo County,8 new cases in Chaves County,
,,,,,,,"Aug 23, 2020",,,
,,,,,,,"Aug 6, 2020",,,
,,,,,,,"Aug 6, 2020",,,
,2 new cases in Otero County,,,8 new cases in McKinley County,,9 new cases in Eddy County,"Aug 6, 2020",42 new cases in Bernalillo County,16 new cases in Chaves County,
,,,,,,,"Aug 6, 2020",,,
,2 new cases in Otero County,,,4 new cases in McKinley County,,6 new cases in Eddy County,"Aug 7, 2020",32 new cases in Bernalillo County,8 new cases in Chaves County,
,,,,,,,"Aug 7, 2020",,,
,,,,,,,,,,
,,,,,,,"Aug 7, 2020",,,
,,,,,,,"Aug 7, 2020",,,
,,,,6 new cases in McKinley County,1 new case in Otero County,9 new cases in Eddy County,"Aug 8, 2020",34 new cases in Bernalillo County,16 new cases in Chaves County,
,,,,,,,"Aug 8, 2020",,,
,,,,3 new cases in McKinley County,,8 new cases in Eddy County,"Aug 9, 2020",49 new cases in Bernalillo County,22 new cases in Chaves County,
,,,,,,,"Aug 9, 2020",,,
,,,,10 new cases in McKinley County,,14 new cases in Eddy County,"Aug 11, 2020",36 new cases in Bernalillo County,13 new cases in Chaves County,
,,,,,,,"Aug 11, 2020",,,
,2 new cases in Otero County,,,11 new cases in McKinley County,,5 new cases in Eddy County,"Aug 10, 2020",26 new cases in Bernalillo County,5 new cases in Chaves County,
,,,,,,,"Aug 10, 2020",,,
,,,,11 new cases in McKinley County,1 new case in Otero County,18 new cases in Eddy County,"Aug 12, 2020",31 new cases in Bernalillo County,10 new cases in Chaves County,
,,,,,,,"Aug 12, 2020",,,
,,,,10 new cases in McKinley County,,15 new cases in Eddy County,"Aug 13, 2020",38 new cases in Bernalillo County,19 new cases in Chaves County,
,,,,,,,"Aug 13, 2020",,,
,2 new cases in Otero County,,,35 new cases in McKinley County,,3 new cases in Eddy County,"Jul 30, 2020",63 new cases in Bernalillo County,17 new cases in Chaves County,
,,,,,,,"Jul 30, 2020",,,
,2 new cases in Otero County,,,8 new cases in McKinley County,,3 new cases in Eddy County,"Jul 29, 2020",87 new cases in Bernalillo County,14 new cases in Chaves County,
,,,,,,,"Jul 29, 2020",,,
,6 new cases in Otero County,,,16 new cases in McKinley County,,9 new cases in Eddy County,"Jul 28, 2020",80 new cases in Bernalillo County,21 new cases in Chaves County,
,,,,,,,"Jul 28, 2020",,,
,,,,,,,,,,
,,,,,,,"Jul 30, 2020",,,
,,,,,,,"Jul 30, 2020",,,
,3 new cases in Otero County,,,11 new cases in McKinley County,,3 new cases in Eddy County,"Jul 31, 2020",49 new cases in Bernalillo County,18 new cases in Chaves County,
,,,,,,,"Jul 31, 2020",,,
,,,,11 new cases in McKinley County,1 new case in Otero County,5 new cases in Eddy County,"Aug 1, 2020",68 new cases in Bernalillo County,15 new cases in Chaves County,
,,,,,,,"Aug 1, 2020",,,
,,,,5 new cases in McKinley County,1 new case in Otero County,6 new cases in Eddy County,"Aug 2, 2020",61 new cases in Bernalillo County,15 new cases in Chaves County,
,,,,,,,"Aug 2, 2020",,,
,5 new cases in Otero County,,,2 new cases in McKinley County,,5 new cases in Eddy County,"Aug 3, 2020",18 new cases in Bernalillo County,5 new cases in Chaves County,
,,,,,,,"Aug 3, 2020",,,
,5 new cases in Otero County,,,6 new cases in McKinley County,,9 new cases in Eddy County,"Aug 4, 2020",67 new cases in Bernalillo County,17 new cases in Chaves County,
,,,,,,,"Aug 4, 2020",,,
,2 new cases in Otero County,,,16 new cases in McKinley County,,2 new cases in Eddy County,"Aug 5, 2020",45 new cases in Bernalillo County,12 new cases in Chaves County,
,,,,,,,"Aug 5, 2020",,,
,3 new cases in Otero County,,,19 new cases in McKinley County,,5 new cases in Eddy County,"Jul 18, 2020",99 new cases in Bernalillo County,8 new cases in Chaves County,
,,,,,,,"Jul 18, 2020",,,
,2 new cases in Otero County,,,11 new cases in McKinley County,,8 new cases in Eddy County,"Jul 19, 2020",99 new cases in Bernalillo County,,1 new case in Chaves County
,,,,,,,"Jul 19, 2020",,,
,4 new cases in Otero County,,,13 new cases in McKinley County,,7 new cases in Eddy County,"Jul 20, 2020",88 new cases in Bernalillo County,15 new cases in Chaves County,
,,,,,,,"Jul 20, 2020",,,
,7 new cases in Otero County,,,16 new cases in McKinley County,,9 new cases in Eddy County,"Jul 21, 2020",60 new cases in Bernalillo County,11 new cases in Chaves County,
,,,,,,,"Jul 21, 2020",,,
,,,,,,,,,,
,7 new cases in Otero County,,,26 new cases in McKinley County,,6 new cases in Eddy County,"Jul 23, 2020",126 new cases in Bernalillo County,6 new cases in Chaves County,
,,,,,,,"Jul 23, 2020",,,
,7 new cases in Otero County,,,35 new cases in McKinley County,,6 new cases in Eddy County,"Jul 22, 2020",89 new cases in Bernalillo County,7 new cases in Chaves County,
,,,,,,,"Jul 22, 2020",,,
,11 new cases in Otero County,,,24 new cases in McKinley County,,7 new cases in Eddy County,"Jul 24, 2020",96 new cases in Bernalillo County,18 new cases in Chaves County,
,,,,,,,"Jul 24, 2020",,,
,5 new cases in Otero County,,,28 new cases in McKinley County,,4 new cases in Eddy County,"Jul 25, 2020",93 new cases in Bernalillo County,9 new cases in Chaves County,
,,,,,,,"Jul 25, 2020",,,
,5 new cases in Otero County,,,14 new cases in McKinley County,,4 new cases in Eddy County,"Jul 26, 2020",91 new cases in Bernalillo County,7 new cases in Chaves County,
,,,,,,,"Jul 26, 2020",,,
,21 new cases in Otero County ,,,13 new cases in McKinley County,,4 new cases in Eddy County,"Jul 27, 2020",62 new cases in Bernalillo County,2 new cases in Chaves County,
,,,,,,,"Jul 27, 2020",,,
,,,,,,,"Jul 9, 2020",,,
,,,,,,,"Jul 9, 2020",,,
,5 new cases in Otero County,,,33 new cases in McKinley County,,3 new cases in Eddy County,"Jul 10, 2020",73 new cases in Bernalillo County,7 new cases in Chaves County,
,,,,,,,"Jul 10, 2020",,,
,,,,15 new cases in McKinley County,1 new case in Otero County,13 new cases in Eddy County,"Jul 11, 2020",80 new cases in Bernalillo County,,1 new case in Chaves County
,,,,,,,"Jul 11, 2020",,,
,4 new cases in Otero County,,,20 new cases in McKinley County,,2 new cases in Eddy County,"Jul 12, 2020",111 new cases in Bernalillo County,2 new cases in Chaves County,
,,,,,,,"Jul 12, 2020",,,
,,,,,,,,,,
,,,,,,,"Jul 13, 2020",,,
,,,,,,,"Jul 13, 2020",,,
,2 new cases in Otero County,,,24 new cases in McKinley County,,4 new cases in Eddy County,"Jul 13, 2020",59 new cases in Bernalillo County,17 new cases in Chaves County,
,,,,,,,"Jul 13, 2020",,,
,4 new cases in Otero County,,,22 new cases in McKinley County,,7 new cases in Eddy County,"Jul 14, 2020",65 new cases in Bernalillo County,5 new cases in Chaves County,
,,,,,,,"Jul 14, 2020",,,
,,,,12 new cases in McKinley County,1 new case in Otero County,4 new cases in Eddy County,"Jul 15, 2020",162 new cases in Bernalillo County,2 new cases in Chaves County,
,,,,,,,"Jul 15, 2020",,,
,5 new cases in Otero County,,,20 new cases in McKinley County,,13 new cases in Eddy County,"Jul 16, 2020",103 new cases in Bernalillo County,4 new cases in Chaves County,
,,,,,,,"Jul 16, 2020",,,
,6 new cases in Otero County,1 new case in Eddy County,,16 new cases in McKinley County,,,"Jul 17, 2020",111 new cases in Bernalillo County,2 new cases in Chaves County,
,,,,,,,"Jul 17, 2020",,,
,,,,,,,"Jul 3, 2020",,,
,,,,,,,"Jul 3, 2020",,,
,7 new cases in Otero County,,,34 new cases in McKinley County,,10 new cases in Eddy County,"Jul 4, 2020",79 new cases in Bernalillo County,8 new cases in Chaves County,
,,,,,,,"Jul 4, 2020",,,
,,,,14 new cases in McKinley County,1 new case in Otero County,2 new cases in Eddy County,"Jul 2, 2020",97 new cases in Bernalillo County,5 new cases in Chaves County,
,,,,,,,"Jul 2, 2020",,,
,7 new cases in Otero County,,,42 new cases in McKinley County,,8 new cases in Eddy County,"Jul 3, 2020",55 new cases in Bernalillo County,5 new cases in Chaves County,
,,,,,,,"Jul 3, 2020",,,
,,,,,,,,,,
,,1 new case in Eddy County,,20 new cases in McKinley County,,,"Jul 5, 2020",65 new cases in Bernalillo County,8 new cases in Chaves County,
,,,,,,,"Jul 5, 2020",,,
,2 new cases in Otero County,,,12 new cases in McKinley County,,2 new cases in Eddy County,"Jul 6, 2020",60 new cases in Bernalillo County,6 new cases in Chaves County,
,,,,,,,"Jul 6, 2020",,,
,,,,12 new cases in McKinley County,1 new case in Otero County,3 new cases in Eddy County,"Jul 7, 2020",88 new cases in Bernalillo County,6 new cases in Chaves County,
,,,,,,,"Jul 7, 2020",,,
,,,,23 new cases in McKinley County,1 new case in Otero County,9 new cases in Eddy County,"Jul 8, 2020",99 new cases in Bernalillo County,14 new cases in Chaves County,
,,,,,,,"Jul 8, 2020",,,
,2 new cases in Otero County,,,20 new cases in McKinley County,,6 new cases in Eddy County,"Jul 9, 2020",97 new cases in Bernalillo County,4 new cases in Chaves County,
,,,,,,,"Jul 9, 2020",,,
,,,,,,,"Jul 8, 2020",,,
,,,,,,,"Jul 8, 2020",,,
,,,,74 new cases in McKinley County,1 new case in Otero County,2 new cases in Eddy County,"Jun 26, 2020",50 new cases in Bernalillo County,5 new cases in Chaves County,
,,,,,,,"Jun 26, 2020",,,
,,,,37 new cases in McKinley County,1 new case in Otero County,2 new cases in Eddy County,"Jun 25, 2020",60 new cases in Bernalillo County,2 new cases in Chaves County,
,,,,,,,"Jun 25, 2020",,,
,,,,,,,"Jun 25, 2020",,,
,,,,,,,"Jun 25, 2020",,,
,,,,23 new cases in McKinley County,,4 new cases in Eddy County,"Jun 27, 2020",37 new cases in Bernalillo County,,
,,,,,,,"Jun 27, 2020",,,
,4 new cases in Otero County,,,28 new cases in McKinley County,,3 new cases in Eddy County,"Jun 28, 2020",45 new cases in Bernalillo County,4 new cases in Chaves County,
,,,,,,,"Jun 28, 2020",,,
,,,,,,,,,,
,,,,28 new cases in McKinley County,1 new case in Otero County,2 new cases in Eddy County,"Jun 30, 2020",36 new cases in Bernalillo County,5 new cases in Chaves County,
,,,,,,,"Jun 30, 2020",,,
,3 new cases in Otero County,,,11 new cases in McKinley County,,9 new cases in Eddy County,"Jun 29, 2020",45 new cases in Bernalillo County,6 new cases in Chaves County,
,,,,,,,"Jun 29, 2020",,,
,,,,,,,"Jul 1, 2020",,,
,,,,,,,"Jul 1, 2020",,,
,,1 new case in Eddy County,,17 new cases in McKinley County,1 new case in Otero County,,"Jul 1, 2020",38 new cases in Bernalillo County,,1 new case in Chaves County
,,,,,,,"Jul 1, 2020",,,
,,,,,,,"Jul 1, 2020",,,
,,,,,,,"Jul 1, 2020",,,
,,1 new case in Eddy County,,13 new cases in McKinley County,,,"Jun 16, 2020",27 new cases in Bernalillo County,,
,,,,,,,"Jun 16, 2020",,,
,2 new cases in Otero County,,,22 new cases in McKinley County,,,"Jun 19, 2020",15 new cases in Bernalillo County,3 new cases in Chaves County,
,,,,,,,"Jun 19, 2020",,,
,,,,20 new cases in McKinley County,1 new case in Otero County,,"Jun 17, 2020",20 new cases in Bernalillo County,2 new cases in Chaves County,
,,,,,,,"Jun 17, 2020",,,
,,1 new case in Eddy County,,20 new cases in McKinley County,,,"Jun 18, 2020",13 new cases in Bernalillo County,,
,,,,,,,"Jun 18, 2020",,,
,,,,,,,,,,
,,,,30 new cases in McKinley County,,2 new cases in Eddy County,"Jun 20, 2020",15 new cases in Bernalillo County,,
,,,,,,,"Jun 20, 2020",,,
,,,,30 new cases in McKinley County,,2 new cases in Eddy County,"Jun 21, 2020",13 new cases in Bernalillo County,,
,,,,,,,"Jun 21, 2020",,,
,,,,32 new cases in McKinley County,1 new case in Otero County,3 new cases in Eddy County,"Jun 22, 2020",22 new cases in Bernalillo County,2 new cases in Chaves County,
,,,,,,,"Jun 22, 2020",,,
,,,,24 new cases in McKinley County,1 new case in Otero County,3 new cases in Eddy County,"Jun 24, 2020",34 new cases in Bernalillo County,4 new cases in Chaves County,
,,,,,,,"Jun 24, 2020",,,
,,,,50 new cases in McKinley County,,2 new cases in Eddy County,"Jun 23, 2020",20 new cases in Bernalillo County,,
,,,,,,,"Jun 23, 2020",,,
,,,,,,,"Jun 24, 2020",,,
,,,,,,,"Jun 24, 2020",,,
,,,,50 new cases in McKinley County,1 new case in Otero County,3 new cases in Eddy County,"Jun 8, 2020",10 new cases in Bernalillo County,,
,,,,,,,"Jun 8, 2020",,,
,,,,12 new cases in McKinley County,1 new case in Otero County,,"Jun 9, 2020",12 new cases in Bernalillo County,,
,,,,,,,"Jun 9, 2020",,,
,,1 new case in Eddy County,,40 new cases in McKinley County,,,"Jun 6, 2020",15 new cases in Bernalillo County,,
,,,,,,,"Jun 6, 2020",,,
,,5 new case in Eddy County,,37 new cases in McKinley County,1 new case in Otero County,,"Jun 7, 2020",17 new cases in Bernalillo County,,
,,,,,,,"Jun 7, 2020",,,
,,,,,,,,,,
,,,,50 new cases in McKinley County,,4 new cases in Eddy County,"Jun 10, 2020",12 new cases in Bernalillo County,2 new cases in Chaves County,
,,,,,,,"Jun 10, 2020",,,
,,,,14 new cases in McKinley County,,3 new cases in Eddy County,"Jun 11, 2020",31 new cases in Bernalillo County,2 new cases in Chaves County,
,,,,,,,"Jun 11, 2020",,,
,2 new cases in Otero County,1 new case in Eddy County,,49 new cases in McKinley County,,,"Jun 12, 2020",18 new cases in Bernalillo County,,1 new case in Chaves County
,,,,,,,"Jun 12, 2020",,,
,,,,28 new cases in McKinley County,,,"Jun 13, 2020",12 new cases in Bernalillo County,3 new cases in Chaves County,
,,,,,,,"Jun 13, 2020",,,
,,1 new case in Eddy County,,16 new cases in McKinley County,,,"Jun 14, 2020",12 new cases in Bernalillo County,3 new cases in Chaves County,
,,,,,,,"Jun 14, 2020",,,
,,,,25 new cases in McKinley County,1 new case in Otero County,,"Jun 15, 2020",13 new cases in Bernalillo County,,
,,,,,,,"Jun 15, 2020",,,
,,,,58 new cases in McKinley County,,,"May 30, 2020",19 new cases in Bernalillo County,,1 new case in Chaves County
,,,,,,,"May 30, 2020",,,
,4 new cases in Otero County,1 new case in Eddy County,,58 new cases in McKinley County,,,"May 29, 2020",12 new cases in Bernalillo County,,
,,,,,,,"May 29, 2020",,,
,,,,,,,"Jun 1, 2020",,,
,,,,,,,"Jun 1, 2020",,,
,,,,11 new cases in McKinley County,,2 new cases in Eddy County,"May 31, 2020",12 new cases in Bernalillo County,2 new cases in Chaves County,
,,,,,,,"May 31, 2020",,,
,,,,,,,,,,
,,,,35 new cases in McKinley County,,2 new cases in Eddy County,"Jun 1, 2020",12 new cases in Bernalillo County,3 new cases in Chaves County,
,,,,,,,"Jun 1, 2020",,,
,,,,30 new cases in McKinley County,,,"Jun 2, 2020",15 new cases in Bernalillo County,,1 new case in Chaves County
,,,,,,,"Jun 2, 2020",,,
,,,,,,,"Jun 2, 2020",,,
,,,,,,,"Jun 2, 2020",,,
,2 new cases in Otero County,,,77 new cases in McKinley County,,2 new cases in Eddy County,"Jun 5, 2020",19 new cases in Bernalillo County,,
,,,,,,,"Jun 5, 2020",,,
,,,,30 new cases in McKinley County,1 new case in Otero County,3 new cases in Eddy County,"Jun 4, 2020",20 new cases in Bernalillo County,,1 new case in Chaves County
,,,,,,,"Jun 4, 2020",,,
,,,,37 new cases in McKinley County,,,"Jun 3, 2020",28 new cases in Bernalillo County,,
,,,,,,,"Jun 3, 2020",,,
,,1 new case in Eddy County,,25 new cases in McKinley County,,,"May 25, 2020",13 new cases in Bernalillo County,,1 new case in Chaves County
,,,,,,,"May 25, 2020",,,
,2 new cases in Otero County,1 new case in Eddy County,,64 new cases in McKinley County,,,"May 24, 2020",12 new cases in Bernalillo County,3 new cases in Chaves County,
,,,,,,,"May 24, 2020",,,
,,,,,,,,,,
,3 new cases in Otero County,,,22 new cases in McKinley County,,,"May 26, 2020",15 new cases in Bernalillo County,2 new cases in Chaves County,
,,,,,,,"May 26, 2020",,,
,,,,,,,"May 26, 2020",,,
,,,,,,,"May 26, 2020",,,
,,,,,,,"May 26, 2020",,,
,,,,,,,"May 26, 2020",,,
,,,,,,,"May 27, 2020",,,
,,,,,,,"May 27, 2020",,,
,,,,33 new cases in McKinley County,,,"May 27, 2020",24 new cases in Bernalillo County,,
,,,,,,,"May 27, 2020",,,
,,,,,,,"May 28, 2020",,,
,,,,,,,"May 28, 2020",,,
,,,,18 new cases in McKinley County,1 new case in Otero County,2 new cases in Eddy County,"May 28, 2020",51 new cases in Bernalillo County,,
,,,,,,,"May 28, 2020",,,
,,,,,,,"May 28, 2020",,,
,,,,,,,"May 28, 2020",,,
,,,,67 new cases in McKinley County,,,"May 18, 2020",10 new cases in Bernalillo County,,1 new case in Chaves County
,,,,,,,"May 18, 2020",,,
,,,,35 new cases in McKinley County,,,"May 19, 2020",9 new cases in Bernalillo County,,
,,,,,,,"May 19, 2020",,,
,,,,,,,"May 20, 2020",,,
,,,,,,,"May 20, 2020",,,
,,,,25 new cases in McKinley County,,,"May 20, 2020",30 new cases in Bernalillo County,,1 new case in Chaves County
,,,,,,,"May 20, 2020",,,
,,,,39 new cases in McKinley County,,,"May 21, 2020",22 new cases in Bernalillo County,2 new cases in Chaves County,
,,,,,,,"May 21, 2020",,,
,,,,,,,,,,
,2 new cases in Otero County,,,44 new cases in McKinley County,,,"May 22, 2020",42 new cases in Bernalillo County,,1 new case in Chaves County
,,,,,,,"May 22, 2020",,,
,,,,,,,"May 22, 2020",,,
,,,,,,,"May 22, 2020",,,
,,,,,,,"May 22, 2020",,,
,,,,,,,"May 22, 2020",,,
,,,,,,,"May 23, 2020",,,
,,,,,,,"May 23, 2020",,,
,,,,44 new cases in McKinley County,,,"May 23, 2020",16 new cases in Bernalillo County,,1 new case in Chaves County
,,,,,,,"May 23, 2020",,,
,,,,53 new cases in McKinley County,,,"May 13, 2020",16 new cases in Bernalillo County,,2 new case in Chaves County
,,,,,,,"May 13, 2020",,,
,,,,,,,"May 13, 2020",,,
,,,,,,,"May 13, 2020",,,
,,,,43 new cases in McKinley County,,,"May 12, 2020",25 new cases in Bernalillo County,,1 new case in Chaves County
,,,,,,,"May 12, 2020",,,
,,,,52 new cases in McKinley County,1 new case in Otero County,3 new cases in Eddy County,"May 14, 2020",25 new cases in Bernalillo County,,
,,,,,,,"May 14, 2020",,,
,,,,,,,,,,
,,,,,,,"May 15, 2020",,,
,,,,,,,"May 15, 2020",,,
,,,,57 new cases in McKinley County,,,"May 15, 2020",36 new cases in Bernalillo County,,
,,,,,,,"May 15, 2020",,,
,,,,,,,"May 15, 2020",,,
,,,,,,,"May 15, 2020",,,
,,,,77 new cases in McKinley County,1 new case in Otero County,,"May 16, 2020",14 new cases in Bernalillo County,,
,,,,,,,"May 16, 2020",,,
,,,,,,,"May 15, 2020",,,
,,,,,,,"May 15, 2020",,,
,,,,24 new cases in McKinley County,,,"May 17, 2020",17 new cases in Bernalillo County,,
,,,,,,,"May 17, 2020",,,
,,,,,,,"May 7, 2020",,,
,,,,,,,"May 7, 2020",,,
,,,,63 new cases in McKinley County,1 new case in Otero County,,"May 6, 2020",18 new cases in Bernalillo County,,
,,,,,,,"May 6, 2020",,,
,,,,,,,"May 8, 2020",,,
,,,,,,,"May 8, 2020",,,
,,,,65 new cases in McKinley County,,,"May 7, 2020",32 new cases in Bernalillo County,,1 new case in Chaves County
,,,,,,,"May 7, 2020",,,
,,,,,,,,,,
,6 new cases in Otero County,1 new case in Eddy County,,58 new cases in McKinley County,,,"May 8, 2020",19 new cases in Bernalillo County,,1 new case in Chaves County
,,,,,,,"May 8, 2020",,,
,,,,48 new cases in McKinley County,,,"May 9, 2020",20 new cases in Bernalillo County,,
,,,,,,,"May 9, 2020",,,
,,,,14 new cases in McKinley County,1 new case in Otero County,,"May 10, 2020",23 new cases in Bernalillo County,,
,,,,,,,"May 10, 2020",,,
,4 new cases in Otero County,,,63 new cases in McKinley County,,,"May 11, 2020",14 new cases in Bernalillo County,,
,,,,,,,"May 11, 2020",,,
,,,,,,,"May 12, 2020",,,
,,,,,,,"May 12, 2020",,,
,,,,,,,"May 12, 2020",,,
,,,,,,,"May 12, 2020",,,
,,,,37 new cases in McKinley County,,,"May 1, 2020",21 new cases in Bernalillo County,,1 new case in Chaves County
,,,,,,,"May 1, 2020",,,
,,,,,,,"May 1, 2020",,,
,,,,,,,"May 1, 2020",,,
,,1 new case in Eddy County,,53 new cases in McKinley County,1 new case in Otero County,,"May 2, 2020",53 new cases in Bernalillo County,,
,,,,,,,"May 2, 2020",,,
,,,,,,,,,,
,,,,28 new cases in McKinley County,,,"May 3, 2020",37 new cases in Bernalillo County,,
,,,,,,,"May 3, 2020",,,
,,,,,,,"May 3, 2020",,,
,,,,,,,"May 3, 2020",,,
,,,,,,,"May 4, 2020",,,
,,,,,,,"May 4, 2020",,,
,3 new cases in Otero County,,,89 new cases in McKinley County,,,"May 4, 2020",24 new cases in Bernalillo County,,1 new case in Chaves County
,,,,,,,"May 4, 2020",,,
,,,,,,,"May 5, 2020",,,
,,,,,,,"May 5, 2020",,,
,,,,,,,"May 5, 2020",,,
,,,,,,,"May 5, 2020",,,
,,,,43 new cases in McKinley County,,,"May 5, 2020",21 new cases in Bernalillo County,,
,,,,,,,"May 5, 2020",,,
,,,,12 new cases in McKinley County,,2 new cases in Eddy County,"Apr 26, 2020",18 new cases in Bernalillo County,,
,,,,,,,"Apr 26, 2020",,,
,,,,67 new cases in McKinley County,1 new case in Otero County,,"Apr 24, 2020",25 new cases in Bernalillo County,,
,,,,,,,"Apr 24, 2020",,,
,,,,69 new cases in McKinley County,,,"Apr 25, 2020",19 new cases in Bernalillo County,,
,,,,,,,"Apr 25, 2020",,,
,,,,,,,"Apr 24, 2020",,,
,,,,,,,"Apr 24, 2020",,,
,,,,,,,,,,
,,,,,,,"Apr 27, 2020",,,
,,,,,,,"Apr 27, 2020",,,
,,,,58 new cases in McKinley County,,,"Apr 27, 2020",8 new cases in Bernalillo County,,
,,,,,,,"Apr 27, 2020",,,
,,,,43 new cases in McKinley County,,,"Apr 28, 2020",44 new cases in Bernalillo County,,
,,,,,,,"Apr 28, 2020",,,
,,,,133 new cases in McKinley County,1 new case in Otero County,,"Apr 29, 2020",27 new cases in Bernalillo County,,
,,,,,,,"Apr 29, 2020",,,
,,,,,,,"Apr 29, 2020",,,
,,,,,,,"Apr 29, 2020",,,
,,,,74 new cases in McKinley County,,,"Apr 30, 2020",48 new cases in Bernalillo County,,
,,,,,,,"Apr 30, 2020",,,
,,,,51 new cases in McKinley County,,2 new cases in Eddy County,"Apr 17, 2020",24 new cases in Bernalillo County,2 new cases in Chaves County,
,,,,,,,"Apr 17, 2020",,,
,,,,40 new cases in McKinley County,,,"Apr 18, 2020",13 new cases in Bernalillo County,,
,,,,,,,"Apr 18, 2020",,,
,,,,,,,"Apr 17, 2020",,,
,,,,,,,"Apr 17, 2020",,,
,,,,7 new cases in McKinley County,,,"Apr 19, 2020",15 new cases in Bernalillo County,,
,,,,,,,"Apr 19, 2020",,,
,,,,,,,"Apr 20, 2020",,,
,,,,,,,"Apr 20, 2020",,,
,,,,45 new cases in McKinley County,,,"Apr 21, 2020",20 new cases in Bernalillo County,,
,,,,,,,"Apr 21, 2020",,,
,,,,,,,,,,
,,1 new case in Eddy County,,53 new cases in McKinley County,,,"Apr 20, 2020",24 new cases in Bernalillo County,,
,,,,,,,"Apr 20, 2020",,,
,,1 new case in Eddy County,,59 new cases in McKinley County,,,"Apr 22, 2020",15 new cases in Bernalillo County,,
,,,,,,,"Apr 22, 2020",,,
,2 new cases in Otero County,,,54 new cases in McKinley County,,,"Apr 23, 2020",31 new cases in Bernalillo County,,1 new case in Chaves County
,,,,,,,"Apr 23, 2020",,,
,,,,,,,"Apr 22, 2020",,,
,,,,,,,"Apr 22, 2020",,,
,,,,27 new cases in McKinley County,,,"Apr 11, 2020",17 new cases in Bernalillo County,,1 new case in Chaves County
,,,,,,,"Apr 11, 2020",,,
,,,,48 new cases in McKinley County,,,"Apr 13, 2020",15 new cases in Bernalillo County,,
,,,,,,,"Apr 13, 2020",,,
,,,,,,,"Apr 11, 2020",,,
,,,,,,,"Apr 11, 2020",,,
,,1 new case in Eddy County,,4 new cases in McKinley County,1 new case in Otero County,,"Apr 12, 2020",18 new cases in Bernalillo County,,
,,,,,,,"Apr 12, 2020",,,
,,,,,,,"Apr 14, 2020",,,
,,,,,,,"Apr 14, 2020",,,
,,,,,,,,,,
,,,,13 new cases in McKinley County,,,"Apr 14, 2020",9 new cases in Bernalillo County,,
,,,,,,,"Apr 14, 2020",,,
,,,,,,,"Apr 15, 2020",,,
,,,,,,,"Apr 15, 2020",,,
,,,,,,,"Apr 15, 2020",,,
,,,,,,,"Apr 15, 2020",,,
,,,,38 new cases in McKinley County,,,"Apr 15, 2020",13 new cases in Bernalillo County,,
,,,,,,,"Apr 15, 2020",,,
,,,,23 new cases in McKinley County,,,"Apr 16, 2020",17 new cases in Bernalillo County,,
,,,,,,,"Apr 16, 2020",,,
,,,,,,,"Apr 7, 2020",,,
,,,,,,,"Apr 7, 2020",,,
,,,,4 new cases in McKinley County,,,"Apr 6, 2020",16 new cases in Bernalillo County,,1 new case in Chaves County
,,,,,,,"Apr 6, 2020",,,
,,,,,,,"Apr 6, 2020",,,
,,,,,,,"Apr 6, 2020",,,
,,,,,,,"Apr 7, 2020",,,
,,,,,,,"Apr 7, 2020",,,
,,,,,,,,,,
,,,,11 new cases in McKinley County,,,"Apr 7, 2020",42 new cases in Bernalillo County,,1 new case in Chaves County
,,,,,,,"Apr 7, 2020",,,
,,,,15 new cases in McKinley County,,2 new cases in Eddy County,"Apr 8, 2020",20 new cases in Bernalillo County,,1 new case in Chaves County
,,,,,,,"Apr 8, 2020",,,
,,,,,,,"Apr 9, 2020",,,
,,,,,,,"Apr 9, 2020",,,
,,,,13 new cases in McKinley County,,,"Apr 9, 2020",45 new cases in Bernalillo County,2 new cases in Chaves County,
,,,,,,,"Apr 9, 2020",,,
,,,,,,,"Apr 10, 2020",,,
,,,,,,,"Apr 10, 2020",,,
,,,,29 new cases in McKinley County,,,"Apr 10, 2020",38 new cases in Bernalillo County,,
,,,,,,,"Apr 10, 2020",,,
,,1 new case in Eddy County,,4 new cases in McKinley County,,,"Mar 29, 2020",9 new cases in Bernalillo County,,1 new case in Chaves County
,,,,,,,"Mar 29, 2020",,,
,,,,3 new cases in McKinley County,,,"Mar 30, 2020",16 new cases in Bernalillo County,2 new cases in Chaves County,
,,,,,,,"Mar 30, 2020",,,
,,,,,,,"Mar 31, 2020",,,
,,,,,,,"Mar 31, 2020",,,
,,,,4 new cases in McKinley County,,,"Mar 31, 2020",12 new cases in Bernalillo County,,
,,,,,,,"Mar 31, 2020",,,
,,,,,,,,,,
,,,,,,,"Apr 1, 2020",,,
,,,,,,,"Apr 1, 2020",,,
,,,,4 new cases in McKinley County,1 new case in Otero County,,"Apr 1, 2020",19 new cases in Bernalillo County,,
,,,,,,,"Apr 1, 2020",,,
,,,,4 new cases in McKinley County,,,"Apr 2, 2020",15 new cases in Bernalillo County,3 new cases in Chaves County,
,,,,,,,"Apr 2, 2020",,,
,,,,8 new cases in McKinley County,,,"Apr 3, 2020",39 new cases in Bernalillo County,,
,,,,,,,"Apr 3, 2020",,,
,,,1 new case in McKinley County,,,,"Apr 4, 2020",23 new cases in Bernalillo County,,
,,,,,,,"Apr 4, 2020",,,
,,,,9 new cases in McKinley County,1 new case in Otero County,,"Apr 5, 2020",21 new cases in Bernalillo County,,
,,,,,,,"Apr 5, 2020",,,
,,,,,,,"Mar 25, 2020",,,
,,,,,,,"Mar 25, 2020",,,
,,,,,,,"Mar 26, 2020",,,
,,,,,,,"Mar 26, 2020",,,
,,,,,,,"Mar 26, 2020",,,
,,,,,,,"Mar 26, 2020",,,
,,,,,,,,,,
,, 1 new case in Eddy County,, 2 new cases in McKinley County,,,"Mar 27, 2020", 27 new cases in Bernalillo County,,
,,,,,,,"Mar 27, 2020",,,
,,,,,,,"Mar 27, 2020",,,
,,,,,,,"Mar 27, 2020",,,
,,,,,,,"Mar 27, 2020",,,
,,,,,,,"Mar 27, 2020",,,
,,,,,,,"Mar 27, 2020",,,
,,,,,,,"Mar 27, 2020",,,
,,,,,,,"Mar 27, 2020",,,
,,,,,,,"Mar 27, 2020",,,
,,1 new case in Eddy County,,,,,"Mar 28, 2020",11 new cases in Bernalillo County,3 new cases in Chaves County,
,,,,,,,"Mar 28, 2020",,,
,,,,,,,"Mar 29, 2020",,,
,,,,,,,"Mar 29, 2020",,,
,,,,,,,"Mar 20, 2020",,,
,,,,,,,"Mar 20, 2020",,,
,,,,,,,"Mar 20, 2020",,,
,,,,,,,"Mar 20, 2020",,,
,,,,,,,"Mar 22, 2020",,,
,,,,,,,"Mar 22, 2020",,,
,,,,,,,"Mar 21, 2020",,,
,,,,,,,"Mar 21, 2020",,,
,,,,,,,,,,
,,,,,,,"Mar 23, 2020",,,
,,,,,,,"Mar 23, 2020",,,
,,,,,,,"Mar 23, 2020",,,
,,,,,,,"Mar 23, 2020",,,
,,,,,,,"Mar 23, 2020",,,
,,,,,,,"Mar 23, 2020",,,
,,,,,,,"Mar 24, 2020",,,
,,,,,,,"Mar 24, 2020",,,
,,,,,,,"Mar 25, 2020",,,
,,,,,,,"Mar 25, 2020",,,
,,,,,,,"Mar 25, 2020",,,
,,,,,,,"Mar 25, 2020",,,
,,,,,,,"Mar 18, 2020",,,
,,,,,,,"Mar 18, 2020",,,
,,,,,,,"Mar 17, 2020",,,
,,,,,,,"Mar 17, 2020",,,
,,,,,,,"Mar 18, 2020",,,
,,,,,,,"Mar 18, 2020",,,
,,,,,,,"Mar 18, 2020",,,
,,,,,,,"Mar 18, 2020",,,
,,,,,,,,,,
,,,,,,,"Mar 18, 2020",,,
,,,,,,,"Mar 18, 2020",,,
,,,,,,,"Mar 18, 2020",,,
,,,,,,,"Mar 18, 2020",,,
,,,,,,,"Mar 18, 2020",,,
,,,,,,,"Mar 18, 2020",,,
,,,,,,,"Mar 19, 2020",,,
,,,,,,,"Mar 19, 2020",,,
,,,,,,,"Mar 19, 2020",,,
,,,,,,,"Mar 19, 2020",,,
,,,,,,,"Mar 19, 2020",,,
,,,,,,,"Mar 19, 2020",,,
,,,,,,,"Mar 14, 2020",,,
,,,,,,,"Mar 14, 2020",,,
,,,,,,,"Mar 15, 2020",,,
,,,,,,,"Mar 15, 2020",,,
,,,,,,,"Mar 15, 2020",,,
,,,,,,,"Mar 15, 2020",,,
,,,,,,,,,,
,,,,,,,"Mar 15, 2020",,,
,,,,,,,"Mar 15, 2020",,,
,,,,,,,"Mar 16, 2020",,,
,,,,,,,"Mar 16, 2020",,,
,,,,,,,"Mar 16, 2020",,,
,,,,,,,"Mar 16, 2020",,,
,,,,,,,"Mar 16, 2020",,,
,,,,,,,"Mar 16, 2020",,,
,,,,,,,"Mar 16, 2020",,,
,,,,,,,"Mar 16, 2020",,,
,,,,,,,"Mar 17, 2020",,,
,,,,,,,"Mar 17, 2020",,,
,,,,,,,"Mar 17, 2020",,,
,,,,,,,"Mar 17, 2020",,,
,,,,,,,"Mar 3, 2020",,,
,,,,,,,"Mar 3, 2020",,,
,,,,,,,"Mar 6, 2020",,,
,,,,,,,"Mar 6, 2020",,,
,,,,,,,,,,
,,,,,,,"Mar 10, 2020",,,
,,,,,,,"Mar 10, 2020",,,
,,,,,,,"Mar 11, 2020",,,
,,,,,,,"Mar 11, 2020",,,
,,,,,,,"Mar 11, 2020",,,
,,,,,,,"Mar 11, 2020",,,
,,,,,,,"Mar 11, 2020",,,
,,,,,,,"Mar 11, 2020",,,
,,,,,,,"Mar 12, 2020",,,
,,,,,,,"Mar 12, 2020",,,
,,,,,,,"Mar 12, 2020",,,
,,,,,,,"Mar 12, 2020",,,
,,,,,,,"Mar 13, 2020",,,
,,,,,,,"Mar 13, 2020",,,
,,,,,,,"Mar 14, 2020",,,
,,,,,,,"Mar 14, 2020",,,
,,,,,,,"Jan 22, 2020",,,
,,,,,,,"Jan 22, 2020",,,
,,,,,,,"Jan 27, 2020",,,
,,,,,,,"Jan 27, 2020",,,
,,,,,,,"Feb 6, 2020",,,
,,,,,,,"Feb 6, 2020",,,
,,,,,,,"Feb 13, 2020",,,
,,,,,,,"Feb 13, 2020",,,
,,,,,,,"Feb 20, 2020",,,
,,,,,,,"Feb 20, 2020",,,
,,,,,,,"Feb 27, 2020",,,
,,,,,,,"Feb 27, 2020",,,
