date,BernalilloCountyM,BernalilloCountyS,McKinleyCountyM,McKinleyCountyS,EddyCountyM,EddyCountyS,ChavesCountyM,ChavesCountyS,OteroCountyM,OteroCountyS
,,,,,,,,,,
"Jun 15, 2021",,,,,,,,,,
"Jun 15, 2021",,,,,,,,,,
"Jun 23, 2021",23 new cases in Bernalillo County,,,,2 new cases in Eddy County,,,1 new case in Chaves County,5 new cases in Otero County,
"Jun 23, 2021",,,,,,,,,,
"Jun 11, 2021",,,,,,,,,,
"Jun 11, 2021",,,,,,,,,,
"Jun 16, 2021",22 new cases in Bernalillo County,,,1 new case in McKinley County,3 new cases in Eddy County,,,,,
"Jun 16, 2021",,,,,,,,,,
"Jun 17, 2021",23 new cases in Bernalillo County,,3 new cases in McKinley County,,3 new cases in Eddy County,,2 new cases in Chaves County,,,1 new case in Otero County
"Jun 17, 2021",,,,,,,,,,
"Jun 22, 2021",29 new cases in Bernalillo County,,,1 new case in McKinley County,4 new cases in Eddy County,,,1 new case in Chaves County,4 new cases in Otero County,
"Jun 22, 2021",,,,,,,,,,
"Jun 21, 2021",55 new cases in Bernalillo County,,3 new cases in McKinley County,,6 new cases in Eddy County,,2 new cases in Chaves County,,,
"Jun 21, 2021",,,,,,,,,,
"Jun 14, 2021",57 new cases in Bernalillo County,,4 new cases in McKinley County,,6 new cases in Eddy County,,11 new cases in Chaves County,,6 new cases in Otero County,
"Jun 14, 2021",,,,,,,,,,
"Jun 12, 2021",,,,,,,,,,
"Jun 12, 2021",,,,,,,,,,
,,,,,,,,,,
"Jun 14, 2021",,,,,,,,,,
"Jun 14, 2021",,,,,,,,,,
"Jun 4, 2021",,,,,,,,,,
"Jun 4, 2021",,,,,,,,,,
"Jun 9, 2021",29 new cases in Bernalillo County,,,1 new case in McKinley County,3 new cases in Eddy County,,4 new cases in Chaves County,,4 new cases in Otero County,
"Jun 9, 2021",,,,,,,,,,
"Jun 10, 2021",20 new cases in Bernalillo County,,2 new cases in McKinley County,,3 new cases in Eddy County,,3 new cases in Chaves County,,9 new cases in Otero County,
"Jun 10, 2021",,,,,,,,,,
"May 28, 2021",,,,,,,,,,
"May 28, 2021",,,,,,,,,,
"Jun 2, 2021",27 new cases in Bernalillo County,,,1 new case in McKinley County,3 new cases in Eddy County,,,,,1 new case in Otero County
"Jun 2, 2021",,,,,,,,,,
"Jun 1, 2021",,,,,,,,,,
"Jun 1, 2021",,,,,,,,,,
"May 27, 2021",34 new cases in Bernalillo County,,,,4 new cases in Eddy County,,6 new cases in Chaves County,,5 new cases in Otero County,
"May 27, 2021",,,,,,,,,,
"Jun 8, 2021",,,,,,,,,,
"Jun 8, 2021",,,,,,,,,,
"Jun 3, 2021",39 new cases in Bernalillo County,,7 new cases in McKinley County,,2 new cases in Eddy County,,3 new cases in Chaves County,,,1 new case in Otero County
"Jun 3, 2021",,,,,,,,,,
"Jun 7, 2021",,,,,,,,,,
"Jun 7, 2021",,,,,,,,,,
,,,,,,,,,,
"May 26, 2021",33 new cases in Bernalillo County,,,1 new case in McKinley County,,,6 new cases in Chaves County,,2 new cases in Otero County,
"May 26, 2021",,,,,,,,,,
"May 18, 2021",,,,,,,,,,
"May 18, 2021",,,,,,,,,,
"May 25, 2021",,,,,,,,,,
"May 25, 2021",,,,,,,,,,
"May 26, 2021",,,,,,,,,,
"May 26, 2021",,,,,,,,,,
"May 20, 2021",59 new cases in Bernalillo County,,2 new cases in McKinley County,,2 new cases in Eddy County,,,1 new case in Chaves County,9 new cases in Otero County,
"May 20, 2021",,,,,,,,,,
"May 19, 2021",53 new cases in Bernalillo County,,6 new cases in McKinley County,,3 new cases in Eddy County,,7 new cases in Chaves County,,3 new cases in Otero County,
"May 19, 2021",,,,,,,,,,
"May 17, 2021",146 new cases in Bernalillo County,,15 new cases in McKinley County,,7 new cases in Eddy County,,10 new cases in Chaves County,,17 new cases in Otero County,
"May 17, 2021",,,,,,,,,,
,,,,,,,,,,
"May 21, 2021",,,,,,,,,,
"May 21, 2021",,,,,,,,,,
"May 24, 2021",91 new cases in Bernalillo County,,8 new cases in McKinley County,,6 new cases in Eddy County,,5 new cases in Chaves County,,13 new cases in Otero County,
"May 24, 2021",,,,,,,,,,
"May 25, 2021",,,,,,,,,,
"May 25, 2021",,,,,,,,,,
"May 5, 2021",65 new cases in Bernalillo County,,,1 new case in McKinley County,3 new cases in Eddy County,,,1 new case in Chaves County,15 new cases in Otero County,
"May 5, 2021",,,,,,,,,,
"May 6, 2021",79 new cases in Bernalillo County,,7 new cases in McKinley County,,2 new cases in Eddy County,,4 new cases in Chaves County,,15 new cases in Otero County,
"May 6, 2021",,,,,,,,,,
"May 7, 2021",80 new cases in Bernalillo County,,8 new cases in McKinley County,,7 new cases in Eddy County,,6 new cases in Chaves County,,4 new cases in Otero County,
"May 7, 2021",,,,,,,,,,
"May 4, 2021",,,,,,,,,,
"May 4, 2021",,,,,,,,,,
,,,,,,,,,,
"May 10, 2021",157 new cases in Bernalillo County,,14 new cases in McKinley County,,4 new cases in Eddy County,,18 new cases in Chaves County,,16 new cases in Otero County,
"May 10, 2021",,,,,,,,,,
"May 11, 2021",,,,,,,,,,
"May 11, 2021",,,,,,,,,,
"May 14, 2021",75 new cases in Bernalillo County,,9 new cases in McKinley County,,,1 new case in Eddy County,4 new cases in Chaves County,,10 new cases in Otero County,
"May 14, 2021",,,,,,,,,,
"May 13, 2021",73 new cases in Bernalillo County,,4 new cases in McKinley County,,,1 new case in Eddy County,6 new cases in Chaves County,,2 new cases in Otero County,
"May 13, 2021",,,,,,,,,,
"May 12, 2021",68 new cases in Bernalillo County,,8 new cases in McKinley County,,7 new cases in Eddy County,,2 new cases in Chaves County,,3 new cases in Otero County,
"May 12, 2021",,,,,,,,,,
"May 11, 2021",,,,,,,,,,
"May 11, 2021",,,,,,,,,,
"Apr 29, 2021",65 new cases in Bernalillo County,,2 new cases in McKinley County,,3 new cases in Eddy County,,15 new cases in Chaves County,,8 new cases in Otero County,
"Apr 29, 2021",,,,,,,,,,
"Apr 30, 2021",,,,,,,,,,
"Apr 30, 2021",,,,,,,,,,
"May 3, 2021",228 new cases in Bernalillo County,,7 new cases in McKinley County,,16 new cases in Eddy County,,14 new cases in Chaves County,,43 new cases in Otero County,
"May 3, 2021",,,,,,,,,,
"Apr 30, 2021",,,,,,,,,,
"Apr 30, 2021",,,,,,,,,,
,,,,,,,,,,
"Apr 22, 2021",,,,,,,,,,
"Apr 22, 2021",,,,,,,,,,
"Apr 21, 2021",69 new cases in Bernalillo County,,5 new cases in McKinley County,,5 new cases in Eddy County,,3 new cases in Chaves County,,,1 new case in Otero County
"Apr 21, 2021",,,,,,,,,,
"Apr 23, 2021",59 new cases in Bernalillo County,,6 new cases in McKinley County,,12 new cases in Eddy County,,8 new cases in Chaves County,,8 new cases in Otero County,
"Apr 23, 2021",,,,,,,,,,
"Apr 27, 2021",,,,,,,,,,
"Apr 27, 2021",,,,,,,,,,
"Apr 26, 2021",228 new cases in Bernalillo County,,12 new cases in McKinley County,,17 new cases in Eddy County,,36 new cases in Chaves County,,10 new cases in Otero County,
"Apr 26, 2021",,,,,,,,,,
"Apr 28, 2021",93 new cases in Bernalillo County,,9 new cases in McKinley County,,9 new cases in Eddy County,,7 new cases in Chaves County,,4 new cases in Otero County,
"Apr 28, 2021",,,,,,,,,,
"Apr 19, 2021",,,,,,,,,,
"Apr 19, 2021",,,,,,,,,,
"Apr 16, 2021",,,,,,,,,,
"Apr 16, 2021",,,,,,,,,,
"Apr 19, 2021",199 new cases in Bernalillo County,,10 new cases in McKinley County,,19 new cases in Eddy County,,29 new cases in Chaves County,,16 new cases in Otero County,
"Apr 19, 2021",,,,,,,,,,
"Apr 15, 2021",,,,,,,,,,
"Apr 15, 2021",,,,,,,,,,
"Apr 20, 2021",,,,,,,,,,
"Apr 20, 2021",,,,,,,,,,
"Apr 9, 2021",,,,,,,,,,
"Apr 9, 2021",,,,,,,,,,
,,,,,,,,,,
"Apr 9, 2021",,,,,,,,,,
"Apr 9, 2021",,,,,,,,,,
"Apr 12, 2021",227 new cases in Bernalillo County,,9 new cases in McKinley County,,11 new cases in Eddy County,,26 new cases in Chaves County,,9 new cases in Otero County,
"Apr 12, 2021",,,,,,,,,,
"Apr 14, 2021",,,,,,,,,,
"Apr 14, 2021",,,,,,,,,,
"Apr 13, 2021",,,,,,,,,,
"Apr 13, 2021",,,,,,,,,,
"Apr 7, 2021",,,,,,,,,,
"Apr 7, 2021",,,,,,,,,,
"Apr 8, 2021",,,,,,,,,,
"Apr 8, 2021",,,,,,,,,,
"Mar 29, 2021",,,,,,,,,,
"Mar 29, 2021",,,,,,,,,,
"Mar 30, 2021",58 new cases in Bernalillo County,,,1 new case in McKinley County,6 new cases in Eddy County,,3 new cases in Chaves County,,3 new cases in Otero County,
"Mar 30, 2021",,,,,,,,,,
,,,,,,,,,,
"Mar 31, 2021",125 new cases in Bernalillo County,,,,4 new cases in Eddy County,,8 new cases in Chaves County,,6 new cases in Otero County,
"Apr 1, 2021",112 new cases in Bernalillo County,,,,4 new cases in Eddy County,,4 new cases in Chaves County,,20 new cases in Otero County,
"Apr 1, 2021",,,,,,,,,,
"Mar 31, 2021",,,,,,,,,,
"Apr 2, 2021",,,,,,,,,,
"Apr 2, 2021",,,,,,,,,,
"Apr 6, 2021",49 new cases in Bernalillo County,,,,,1 new case in Eddy County,,1 new case in Chaves County,3 new cases in Otero County,
"Apr 6, 2021",,,,,,,,,,
"Apr 5, 2021",,,,,,,,,,
"Apr 5, 2021",,,,,,,,,,
"Apr 6, 2021",,,,,,,,,,
"Apr 6, 2021",,,,,,,,,,
"Mar 22, 2021",67 new cases in Bernalillo County,,2 new cases in McKinley County,,4 new cases in Eddy County,,,1 new case in Chaves County,4 new cases in Otero County,
"Mar 22, 2021",,,,,,,,,,
"Mar 21, 2021",,,,,,,,,,
"Mar 21, 2021",,,,,,,,,,
"Mar 23, 2021",,,,,,,,,,
"Mar 23, 2021",,,,,,,,,,
"Mar 24, 2021",52 new cases in Bernalillo County,,3 new cases in McKinley County,,6 new cases in Eddy County,,3 new cases in Chaves County,,7 new cases in Otero County,
"Mar 24, 2021",,,,,,,,,,
"Mar 25, 2021",94 new cases in Bernalillo County,,7 new cases in McKinley County,,8 new cases in Eddy County,,5 new cases in Chaves County,,6 new cases in Otero County,
"Mar 25, 2021",,,,,,,,,,
"Mar 27, 2021",,,,,,,,,,
"Mar 27, 2021",,,,,,,,,,
"Mar 28, 2021",,,,,,,,,,
"Mar 28, 2021",,,,,,,,,,
"Mar 26, 2021",,,,,,,,,,
"Mar 26, 2021",,,,,,,,,,
"Mar 29, 2021",,,,,,,,,,
"Mar 29, 2021",,,,,,,,,,
,,,,,,,,,,
"Mar 20, 2021",,,,,,,,,,
"Mar 20, 2021",,,,,,,,,,
"Mar 11, 2021",,,,,,,,,,
"Mar 11, 2021",,,,,,,,,,
"Mar 18, 2021",92 new cases in Bernalillo County,,,,10 new cases in Eddy County,,,1 new case in Chaves County,13 new cases in Otero County,
"Mar 18, 2021",,,,,,,,,,
"Mar 14, 2021",,,,,,,,,,
"Mar 14, 2021",,,,,,,,,,
"Mar 13, 2021",,,,,,,,,,
"Mar 13, 2021",,,,,,,,,,
"Mar 11, 2021",77 new cases in Bernalillo County,,6 new cases in McKinley County,,7 new cases in Eddy County,,3 new cases in Chaves County,,9 new cases in Otero County,
"Mar 11, 2021",,,,,,,,,,
"Mar 12, 2021",,,,,,,,,,
"Mar 12, 2021",,,,,,,,,,
"Mar 19, 2021",,,,,,,,,,
"Mar 19, 2021",,,,,,,,,,
,,,,,,,,,,
"Mar 15, 2021",68 new cases in Bernalillo County,,,1 new case in McKinley County,2 new cases in Eddy County,,2 new cases in Chaves County,,12 new cases in Otero County,
"Mar 15, 2021",,,,,,,,,,
"Mar 17, 2021",58 new cases in Bernalillo County,,3 new cases in McKinley County,,14 new cases in Eddy County,,10 new cases in Chaves County,,10 new cases in Otero County,
"Mar 17, 2021",,,,,,,,,,
"Mar 16, 2021",,,,,,,,,,
"Mar 16, 2021",,,,,,,,,,
"Mar 5, 2021",,,,,,,,,,
"Mar 5, 2021",,,,,,,,,,
"Mar 1, 2021",55 new cases in Bernalillo County,,2 new cases in McKinley County,,5 new cases in Eddy County,,,,5 new cases in Otero County,
"Mar 1, 2021",,,,,,,,,,
"Mar 2, 2021",,,,,,,,,,
"Mar 2, 2021",,,,,,,,,,
"Mar 3, 2021",102 new cases in Bernalillo County,,6 new cases in McKinley County,,16 new cases in Eddy County,,13 new cases in Chaves County,,7 new cases in Otero County,
"Mar 3, 2021",,,,,,,,,,
,,,,,,,,,,
"Mar 4, 2021",80 new cases in Bernalillo County,,6 new cases in McKinley County,,13 new cases in Eddy County,,7 new cases in Chaves County,,16 new cases in Otero County,
"Mar 4, 2021",,,,,,,,,,
"Mar 6, 2021",,,,,,,,,,
"Mar 6, 2021",,,,,,,,,,
"Mar 7, 2021",,,,,,,,,,
"Mar 7, 2021",,,,,,,,,,
"Mar 8, 2021",60 new cases in Bernalillo County,,2 new cases in McKinley County,,2 new cases in Eddy County,,,,2 new cases in Otero County,
"Mar 8, 2021",,,,,,,,,,
"Mar 10, 2021",94 new cases in Bernalillo County,,4 new cases in McKinley County,,5 new cases in Eddy County,,7 new cases in Chaves County,,20 new cases in Otero County,
"Mar 10, 2021",,,,,,,,,,
"Mar 9, 2021",,,,,,,,,,
"Mar 9, 2021",,,,,,,,,,
"Feb 19, 2021",90 new cases in Bernalillo County,,19 new cases in McKinley County,,11 new cases in Eddy County,,13 new cases in Chaves County,,18 new cases in Otero County,
"Feb 19, 2021",,,,,,,,,,
"Feb 20, 2021",,,,,,,,,,
"Feb 20, 2021",,,,,,,,,,
"Feb 21, 2021",,,,,,,,,,
"Feb 21, 2021",,,,,,,,,,
"Feb 22, 2021",79 new cases in Bernalillo County,,4 new cases in McKinley County,,7 new cases in Eddy County,,3 new cases in Chaves County,,10 new cases in Otero County,
"Feb 22, 2021",,,,,,,,,,
"Feb 23, 2021",,,,,,,,,,
"Feb 23, 2021",,,,,,,,,,
"Feb 24, 2021",105 new cases in Bernalillo County,,3 new cases in McKinley County,,100 new cases in Eddy County,,19 new cases in Chaves County,,17 new cases in Otero County,
"Feb 24, 2021",,,,,,,,,,
"Feb 26, 2021",,,,,,,,,,
"Feb 26, 2021",,,,,,,,,,
"Feb 25, 2021",84 new cases in Bernalillo County,,10 new cases in McKinley County,,13 new cases in Eddy County,,10 new cases in Chaves County,,21 new cases in Otero County,
"Feb 25, 2021",,,,,,,,,,
"Feb 27, 2021",,,,,,,,,,
"Feb 27, 2021",,,,,,,,,,
"Feb 28, 2021",,,,,,,,,,
"Feb 28, 2021",,,,,,,,,,
,,,,,,,,,,
"Feb 15, 2021",65 new cases in Bernalillo County,,19 new cases in McKinley County,,13 new cases in Eddy County,,6 new cases in Chaves County,,4 new cases in Otero County,
"Feb 15, 2021",,,,,,,,,,
"Feb 13, 2021",,,,,,,,,,
"Feb 13, 2021",,,,,,,,,,
"Feb 12, 2021",127 new cases in Bernalillo County,,19 new cases in McKinley County,,10 new cases in Eddy County,,12 new cases in Chaves County,,8 new cases in Otero County,
"Feb 12, 2021",,,,,,,,,,
"Feb 13, 2021",,,,,,,,,,
"Feb 13, 2021",,,,,,,,,,
"Feb 11, 2021",111 new cases in Bernalillo County,,18 new cases in McKinley County,,16 new cases in Eddy County,,101 new cases in Chaves County,,24 new cases in Otero County,
"Feb 11, 2021",,,,,,,,,,
"Feb 10, 2021",122 new cases in Bernalillo County,,13 new cases in McKinley County,,20 new cases in Eddy County,,14 new cases in Chaves County,,22 new cases in Otero County,
"Feb 10, 2021",,,,,,,,,,
"Feb 14, 2021",,,,,,,,,,
"Feb 14, 2021",,,,,,,,,,
,,,,,,,,,,
"Feb 17, 2021",120 new cases in Bernalillo County,,7 new cases in McKinley County,,4 new cases in Eddy County,,3 new cases in Chaves County,,8 new cases in Otero County,
"Feb 17, 2021",,,,,,,,,,
"Feb 18, 2021",125 new cases in Bernalillo County,,18 new cases in McKinley County,,11 new cases in Eddy County,,5 new cases in Chaves County,,19 new cases in Otero County,
"Feb 18, 2021",,,,,,,,,,
"Feb 16, 2021",,,,,,,,,,
"Feb 16, 2021",,,,,,,,,,
"Feb 3, 2021",161 new cases in Bernalillo County,,51 new cases in McKinley County,,46 new cases in Eddy County,,37 new cases in Chaves County,,20 new cases in Otero County,
"Feb 3, 2021",,,,,,,,,,
"Feb 2, 2021",116 new cases in Bernalillo County,,25 new cases in McKinley County,,12 new cases in Eddy County,,3 new cases in Chaves County,,12 new cases in Otero County,
"Feb 2, 2021",,,,,,,,,,
"Feb 1, 2021",192 new cases in Bernalillo County,,32 new cases in McKinley County,,15 new cases in Eddy County,,6 new cases in Chaves County,,16 new cases in Otero County,
"Feb 1, 2021",,,,,,,,,,
"Feb 8, 2021",,,,,,,,,,
"Feb 8, 2021",,,,,,,,,,
"Feb 4, 2021",159 new cases in Bernalillo County,,23 new cases in McKinley County,,26 new cases in Eddy County,,18 new cases in Chaves County,,19 new cases in Otero County,
"Feb 4, 2021",,,,,,,,,,
,,,,,,,,,,
"Feb 6, 2021",,,,,,,,,,
"Feb 6, 2021",,,,,,,,,,
"Feb 5, 2021",,,,,,,,,,
"Feb 5, 2021",,,,,,,,,,
"Feb 7, 2021",,,,,,,,,,
"Feb 7, 2021",,,,,,,,,,
"Feb 8, 2021",120 new cases in Bernalillo County,,12 new cases in McKinley County,,11 new cases in Eddy County,,3 new cases in Chaves County,,19 new cases in Otero County,
"Feb 8, 2021",,,,,,,,,,
"Feb 9, 2021",,,,,,,,,,
"Feb 9, 2021",,,,,,,,,,
"Jan 22, 2021",208 new cases in Bernalillo County,,60 new cases in McKinley County,,40 new cases in Eddy County,,22 new cases in Chaves County,,23 new cases in Otero County,
"Jan 22, 2021",,,,,,,,,,
"Jan 23, 2021",,,,,,,,,,
"Jan 23, 2021",,,,,,,,,,
,,,,,,,,,,
"Jan 24, 2021",146 new cases in Bernalillo County,,24 new cases in McKinley County,,34 new cases in Eddy County,,21 new cases in Chaves County,,16 new cases in Otero County,
"Jan 24, 2021",,,,,,,,,,
"Jan 26, 2021",155 new cases in Bernalillo County,,36 new cases in McKinley County,,38 new cases in Eddy County,,29 new cases in Chaves County,,20 new cases in Otero County,
"Jan 26, 2021",,,,,,,,,,
"Jan 25, 2021",143 new cases in Bernalillo County,,46 new cases in McKinley County,,11 new cases in Eddy County,,14 new cases in Chaves County,,14 new cases in Otero County,
"Jan 25, 2021",,,,,,,,,,
"Jan 27, 2021",157 new cases in Bernalillo County,,31 new cases in McKinley County,,50 new cases in Eddy County,,47 new cases in Chaves County,,14 new cases in Otero County,
"Jan 27, 2021",,,,,,,,,,
"Jan 28, 2021",187 new cases in Bernalillo County,,57 new cases in McKinley County,,22 new cases in Eddy County,,24 new cases in Chaves County,,30 new cases in Otero County,
"Jan 28, 2021",,,,,,,,,,
"Jan 29, 2021",482 new cases in Bernalillo County,,42 new cases in McKinley County,,38 new cases in Eddy County,,27 new cases in Chaves County,,16 new cases in Otero County,
"Jan 29, 2021",,,,,,,,,,
"Jan 31, 2021",,,,,,,,,,
"Jan 31, 2021",,,,,,,,,,
"Jan 30, 2021",255 new cases in Bernalillo County,,54 new cases in McKinley County,,32 new cases in Eddy County,,27 new cases in Chaves County,,23 new cases in Otero County,
"Jan 30, 2021",,,,,,,,,,
"Jan 14, 2021",344 new cases in Bernalillo County,,63 new cases in McKinley County,,64 new cases in Eddy County,,73 new cases in Chaves County,,55 new cases in Otero County,
"Jan 14, 2021",,,,,,,,,,
"Jan 15, 2021",291 new cases in Bernalillo County,,50 new cases in McKinley County,,69 new cases in Eddy County,,77 new cases in Chaves County,,29 new cases in Otero County,
"Jan 15, 2021",,,,,,,,,,
"Jan 16, 2021",,,,,,,,,,
"Jan 16, 2021",,,,,,,,,,
,,,,,,,,,,
"Jan 16, 2021",276 new cases in Bernalillo County,,71 new cases in McKinley County,,51 new cases in Eddy County,,50 new cases in Chaves County,,34 new cases in Otero County,
"Jan 16, 2021",,,,,,,,,,
"Jan 17, 2021",173 new cases in Bernalillo County,,37 new cases in McKinley County,,21 new cases in Eddy County,,39 new cases in Chaves County,,16 new cases in Otero County,
"Jan 17, 2021",,,,,,,,,,
"Jan 19, 2021",257 new cases in Bernalillo County,,32 new cases in McKinley County,,22 new cases in Eddy County,,22 new cases in Chaves County,,18 new cases in Otero County,
"Jan 19, 2021",,,,,,,,,,
"Jan 18, 2021",161 new cases in Bernalillo County,,45 new cases in McKinley County,,23 new cases in Eddy County,,17 new cases in Chaves County,,17 new cases in Otero County,
"Jan 18, 2021",,,,,,,,,,
"Jan 20, 2021",213 new cases in Bernalillo County,,15 new cases in McKinley County,,53 new cases in Eddy County,,31 new cases in Chaves County,,14 new cases in Otero County,
"Jan 20, 2021",,,,,,,,,,
"Jan 21, 2021",,,,,,,,,,
"Jan 21, 2021",,,,,,,,,,
"Jan 21, 2021",232 new cases in Bernalillo County,,92 new cases in McKinley County,,50 new cases in Eddy County,,59 new cases in Chaves County,,29 new cases in Otero County,
"Jan 21, 2021",,,,,,,,,,
"Jan 5, 2021",,,,,,,,,,
"Jan 5, 2021",,,,,,,,,,
"Jan 6, 2021",443 new cases in Bernalillo County,,82 new cases in McKinley County,,14 new cases in Eddy County,,76 new cases in Chaves County,,28 new cases in Otero County,
"Jan 6, 2021",,,,,,,,,,
"Jan 7, 2021",449 new cases in Bernalillo County,,69 new cases in McKinley County,,131 new cases in Eddy County,,77 new cases in Chaves County,,52 new cases in Otero County,
"Jan 7, 2021",,,,,,,,,,
"Jan 8, 2021",430 new cases in Bernalillo County,,99 new cases in McKinley County,,57 new cases in Eddy County,,76 new cases in Chaves County,,19 new cases in Otero County,
"Jan 8, 2021",,,,,,,,,,
"Jan 9, 2021",374 new cases in Bernalillo County,,92 new cases in McKinley County,,72 new cases in Eddy County,,60 new cases in Chaves County,,44 new cases in Otero County,
"Jan 9, 2021",,,,,,,,,,
"Jan 10, 2021",270 new cases in Bernalillo County,,61 new cases in McKinley County,,97 new cases in Eddy County,,58 new cases in Chaves County,,29 new cases in Otero County,
"Jan 10, 2021",,,,,,,,,,
"Jan 11, 2021",261 new cases in Bernalillo County,,40 new cases in McKinley County,,34 new cases in Eddy County,,19 new cases in Chaves County,,40 new cases in Otero County,
"Jan 11, 2021",,,,,,,,,,
"Jan 12, 2021",231 new cases in Bernalillo County,,60 new cases in McKinley County,,39 new cases in Eddy County,,35 new cases in Chaves County,,10 new cases in Otero County,
"Jan 12, 2021",,,,,,,,,,
"Jan 13, 2021",352 new cases in Bernalillo County,,69 new cases in McKinley County,,45 new cases in Eddy County,,17 new cases in Chaves County,,20 new cases in Otero County,
"Jan 13, 2021",,,,,,,,,,
,,,,,,,,,,
"Jan 13, 2021",,,,,,,,,,
"Jan 13, 2021",,,,,,,,,,
"Dec 30, 2020",,,,,,,,,,
"Dec 30, 2020",,,,,,,,,,
"Jan 3, 2021",345 new cases in Bernalillo County,,42 new cases in McKinley County,,55 new cases in Eddy County,,30 new cases in Chaves County,,10 new cases in Otero County,
"Jan 3, 2021",,,,,,,,,,
"Dec 29, 2020",353 new cases in Bernalillo County,,117 new cases in McKinley County,,77 new cases in Eddy County,,39 new cases in Chaves County,,17 new cases in Otero County,
"Dec 29, 2020",,,,,,,,,,
"Jan 1, 2021",316 new cases in Bernalillo County,,74 new cases in McKinley County,,42 new cases in Eddy County,,55 new cases in Chaves County,,6 new cases in Otero County,
"Jan 1, 2021",,,,,,,,,,
"Dec 28, 2020",230 new cases in Bernalillo County,,47 new cases in McKinley County,,7 new cases in Eddy County,,22 new cases in Chaves County,,8 new cases in Otero County,
"Dec 28, 2020",,,,,,,,,,
"Dec 30, 2020",335 new cases in Bernalillo County,,99 new cases in McKinley County,,45 new cases in Eddy County,,75 new cases in Chaves County,,14 new cases in Otero County,
"Dec 30, 2020",,,,,,,,,,
"Jan 2, 2021",268 new cases in Bernalillo County,,74 new cases in McKinley County,,104 new cases in Eddy County,,48 new cases in Chaves County,,10 new cases in Otero County,
"Jan 2, 2021",,,,,,,,,,
"Dec 31, 2020",434 new cases in Bernalillo County,,94 new cases in McKinley County,,44 new cases in Eddy County,,76 new cases in Chaves County,,36 new cases in Otero County,
"Dec 31, 2020",,,,,,,,,,
"Jan 5, 2021",484 new cases in Bernalillo County,,93 new cases in McKinley County,,25 new cases in Eddy County,,47 new cases in Chaves County,,26 new cases in Otero County,
"Jan 4, 2021",279 new cases in Bernalillo County,,34 new cases in McKinley County,,44 new cases in Eddy County,,40 new cases in Chaves County,,18 new cases in Otero County,
"Jan 4, 2021",,,,,,,,,,
"Jan 5, 2021",,,,,,,,,,
,,,,,,,,,,
"Dec 21, 2020",,,,,,,,,,
"Dec 21, 2020",,,,,,,,,,
"Dec 22, 2020",302 new cases in Bernalillo County,,102 new cases in McKinley County,,69 new cases in Eddy County,,54 new cases in Chaves County,,22 new cases in Otero County,
"Dec 22, 2020",,,,,,,,,,
"Dec 20, 2020",278 new cases in Bernalillo County,,79 new cases in McKinley County,,45 new cases in Eddy County,,26 new cases in Chaves County,,10 new cases in Otero County,
"Dec 20, 2020",,,,,,,,,,
"Dec 23, 2020",337 new cases in Bernalillo County,,63 new cases in McKinley County,,44 new cases in Eddy County,,36 new cases in Chaves County,,5 new cases in Otero County,
"Dec 23, 2020",,,,,,,,,,
"Dec 21, 2020",293 new cases in Bernalillo County,,41 new cases in McKinley County,,19 new cases in Eddy County,,27 new cases in Chaves County,,11 new cases in Otero County,
"Dec 21, 2020",,,,,,,,,,
"Dec 24, 2020",487 new cases in Bernalillo County,,73 new cases in McKinley County,,92 new cases in Eddy County,,293 new cases in Chaves County,,29 new cases in Otero County,
"Dec 24, 2020",,,,,,,,,,
"Dec 22, 2020",,,,,,,,,,
"Dec 22, 2020",,,,,,,,,,
"Dec 25, 2020",428 new cases in Bernalillo County,,66 new cases in McKinley County,,31 new cases in Eddy County,,108 new cases in Chaves County,,13 new cases in Otero County,
"Dec 25, 2020",,,,,,,,,,
"Dec 26, 2020",125 new cases in Bernalillo County,,34 new cases in McKinley County,,49 new cases in Eddy County,,34 new cases in Chaves County,,13 new cases in Otero County,
"Dec 26, 2020",,,,,,,,,,
"Dec 27, 2020",240 new cases in Bernalillo County,,28 new cases in McKinley County,,44 new cases in Eddy County,,30 new cases in Chaves County,,3 new cases in Otero County,
"Dec 27, 2020",,,,,,,,,,
,,,,,,,,,,
"Dec 14, 2020",,,,,,,,,,
"Dec 14, 2020",,,,,,,,,,
"Dec 16, 2020",,,,,,,,,,
"Dec 16, 2020",,,,,,,,,,
"Dec 13, 2020",459 new cases in Bernalillo County,,86 new cases in McKinley County,,43 new cases in Eddy County,,83 new cases in Chaves County,,26 new cases in Otero County,
"Dec 13, 2020",,,,,,,,,,
"Dec 12, 2020",573 new cases in Bernalillo County,,96 new cases in McKinley County,,30 new cases in Eddy County,,54 new cases in Chaves County,,32 new cases in Otero County,
"Dec 12, 2020",,,,,,,,,,
"Dec 17, 2020",537 new cases in Bernalillo County,,94 new cases in McKinley County,,38 new cases in Eddy County,,28 new cases in Chaves County,,31 new cases in Otero County,
"Dec 17, 2020",,,,,,,,,,
"Dec 15, 2020",444 new cases in Bernalillo County,,73 new cases in McKinley County,,70 new cases in Eddy County,,54 new cases in Chaves County,,20 new cases in Otero County,
"Dec 15, 2020",,,,,,,,,,
"Dec 14, 2020",459 new cases in Bernalillo County,,69 new cases in McKinley County,,80 new cases in Eddy County,,69 new cases in Chaves County,,13 new cases in Otero County,
"Dec 14, 2020",,,,,,,,,,
"Dec 16, 2020",569 new cases in Bernalillo County,,109 new cases in McKinley County,,68 new cases in Eddy County,,86 new cases in Chaves County,,18 new cases in Otero County,
"Dec 16, 2020",,,,,,,,,,
"Dec 18, 2020",418 new cases in Bernalillo County,,111 new cases in McKinley County,,59 new cases in Eddy County,,44 new cases in Chaves County,,17 new cases in Otero County,
"Dec 18, 2020",,,,,,,,,,
"Dec 19, 2020",449 new cases in Bernalillo County,,106 new cases in McKinley County,,53 new cases in Eddy County,,63 new cases in Chaves County,,24 new cases in Otero County,
"Dec 19, 2020",,,,,,,,,,
,,,,,,,,,,
"Dec 11, 2020",,,,,,,,,,
"Dec 11, 2020",,,,,,,,,,
"Dec 9, 2020",400 new cases in Bernalillo County,,125 new cases in McKinley County,,43 new cases in Eddy County,,44 new cases in Chaves County,,35 new cases in Otero County,
"Dec 9, 2020",,,,,,,,,,
"Dec 9, 2020",,,,,,,,,,
"Dec 9, 2020",,,,,,,,,,
"Dec 6, 2020",391 new cases in Bernalillo County,,49 new cases in McKinley County,,37 new cases in Eddy County,,68 new cases in Chaves County,,12 new cases in Otero County,
"Dec 6, 2020",,,,,,,,,,
"Dec 7, 2020",639 new cases in Bernalillo County,,121 new cases in McKinley County,,33 new cases in Eddy County,,88 new cases in Chaves County,,33 new cases in Otero County,
"Dec 7, 2020",,,,,,,,,,
"Dec 8, 2020",,,,,,,,,,
"Dec 8, 2020",,,,,,,,,,
"Dec 9, 2020",601 new cases in Bernalillo County,,111 new cases in McKinley County,,35 new cases in Eddy County,,49 new cases in Chaves County,,30 new cases in Otero County,
"Dec 9, 2020",,,,,,,,,,
,,,,,,,,,,
"Dec 10, 2020",621 new cases in Bernalillo County,,142 new cases in McKinley County,,75 new cases in Eddy County,,50 new cases in Chaves County,,25 new cases in Otero County,
"Dec 10, 2020",,,,,,,,,,
"Dec 10, 2020",,,,,,,,,,
"Dec 10, 2020",,,,,,,,,,
"Dec 11, 2020",560 new cases in Bernalillo County,,89 new cases in McKinley County,,74 new cases in Eddy County,,90 new cases in Chaves County,,35 new cases in Otero County,
"Dec 11, 2020",,,,,,,,,,
"Nov 30, 2020",596 new cases in Bernalillo County,,85 new cases in McKinley County,,39 new cases in Eddy County,,102 new cases in Chaves County,,18 new cases in Otero County,
"Nov 30, 2020",,,,,,,,,,
"Nov 30, 2020",,,,,,,,,,
"Nov 30, 2020",,,,,,,,,,
"Dec 2, 2020",448 new cases in Bernalillo County,,70 new cases in McKinley County,,70 new cases in Eddy County,,130 new cases in Chaves County,,19 new cases in Otero County,
"Dec 2, 2020",,,,,,,,,,
"Dec 2, 2020",,,,,,,,,,
"Dec 2, 2020",,,,,,,,,,
"Dec 2, 2020",,,,,,,,,,
"Dec 2, 2020",,,,,,,,,,
"Dec 1, 2020",895 new cases in Bernalillo County,,97 new cases in McKinley County,,38 new cases in Eddy County,,78 new cases in Chaves County,,76 new cases in Otero County,
"Dec 1, 2020",,,,,,,,,,
"Dec 4, 2020",755 new cases in Bernalillo County,,75 new cases in McKinley County,,45 new cases in Eddy County,,99 new cases in Chaves County,,37 new cases in Otero County,
"Dec 4, 2020",,,,,,,,,,
"Dec 3, 2020",586 new cases in Bernalillo County,,88 new cases in McKinley County,,47 new cases in Eddy County,,79 new cases in Chaves County,,37 new cases in Otero County,
"Dec 3, 2020",,,,,,,,,,
"Dec 5, 2020",,,,,,,,,,
"Dec 5, 2020",,,,,,,,,,
"Dec 5, 2020",506 new cases in Bernalillo County,,123 new cases in McKinley County,,56 new cases in Eddy County,,142 new cases in Chaves County,,46 new cases in Otero County,
"Dec 5, 2020",,,,,,,,,,
,,,,,,,,,,
"Nov 27, 2020",746 new cases in Bernalillo County,,100 new cases in McKinley County,,55 new cases in Eddy County,,86 new cases in Chaves County,,8 new cases in Otero County,
"Nov 27, 2020",,,,,,,,,,
"Nov 27, 2020",,,,,,,,,,
"Nov 27, 2020",,,,,,,,,,
"Nov 23, 2020",,,,,,,,,,
"Nov 23, 2020",,,,,,,,,,
"Nov 26, 2020",671 new cases in Bernalillo County,,100 new cases in McKinley County,,29 new cases in Eddy County,,66 new cases in Chaves County,,17 new cases in Otero County,
"Nov 26, 2020",,,,,,,,,,
"Nov 23, 2020",748 new cases in Bernalillo County,,168 new cases in McKinley County,,37 new cases in Eddy County,,63 new cases in Chaves County,,10 new cases in Otero County,
"Nov 23, 2020",,,,,,,,,,
"Nov 23, 2020",,,,,,,,,,
"Nov 23, 2020",,,,,,,,,,
"Nov 25, 2020",576 new cases in Bernalillo County,,116 new cases in McKinley County,,35 new cases in Eddy County,,124 new cases in Chaves County,,25 new cases in Otero County,
"Nov 25, 2020",,,,,,,,,,
"Nov 24, 2020",541 new cases in Bernalillo County,,184 new cases in McKinley County,,97 new cases in Eddy County,,108 new cases in Chaves County,,48 new cases in Otero County,
"Nov 24, 2020",,,,,,,,,,
"Nov 28, 2020",719 new cases in Bernalillo County,,110 new cases in McKinley County,,94 new cases in Eddy County,,162 new cases in Chaves County,,34 new cases in Otero County,
"Nov 28, 2020",,,,,,,,,,
"Nov 29, 2020",356 new cases in Bernalillo County,,88 new cases in McKinley County,,19 new cases in Eddy County,,135 new cases in Chaves County,,28 new cases in Otero County,
"Nov 29, 2020",,,,,,,,,,
,,,,,,,,,,
"Nov 22, 2020",710 new cases in Bernalillo County,,190 new cases in McKinley County,,79 new cases in Eddy County,,82 new cases in Chaves County,,52 new cases in Otero County,
"Nov 22, 2020",,,,,,,,,,
"Nov 18, 2020",993 new cases in Bernalillo County,,74 new cases in McKinley County,,46 new cases in Eddy County,,191 new cases in Chaves County,,50 new cases in Otero County,
"Nov 18, 2020",,,,,,,,,,
"Nov 19, 2020",,,,,,,,,,
"Nov 19, 2020",,,,,,,,,,
"Nov 21, 2020",647 new cases in Bernalillo County,,212 new cases in McKinley County,,72 new cases in Eddy County,,118 new cases in Chaves County,,26 new cases in Otero County,
"Nov 21, 2020",,,,,,,,,,
"Nov 20, 2020","1,005 new cases in Bernalillo County",,131 new cases in McKinley County,,72 new cases in Eddy County,,164 new cases in Chaves County,,109 new cases in Otero County,
"Nov 20, 2020",,,,,,,,,,
"Nov 20, 2020",,,,,,,,,,
"Nov 20, 2020",,,,,,,,,,
"Nov 18, 2020",,,,,,,,,,
"Nov 18, 2020",,,,,,,,,,
,,,,,,,,,,
"Nov 19, 2020",,,,,,,,,,
"Nov 19, 2020",,,,,,,,,,
"Nov 19, 2020","1,122 new cases in Bernalillo County",,209 new cases in McKinley County,,67 new cases in Eddy County,,110 new cases in Chaves County,,65 new cases in Otero County,
"Nov 19, 2020",,,,,,,,,,
"Nov 20, 2020",,,,,,,,,,
"Nov 20, 2020",,,,,,,,,,
"Nov 13, 2020",,,,,,,,,,
"Nov 13, 2020",,,,,,,,,,
"Nov 11, 2020",,,,,,,,,,
"Nov 11, 2020",,,,,,,,,,
"Nov 10, 2020",307 new cases in Bernalillo County,,35 new cases in McKinley County,,60 new cases in Eddy County,,65 new cases in Chaves County,,31 new cases in Otero County,
"Nov 10, 2020",,,,,,,,,,
"Nov 12, 2020",611 new cases in Bernalillo County,,18 new cases in McKinley County,,40 new cases in Eddy County,,62 new cases in Chaves County,,8 new cases in Otero County,
"Nov 12, 2020",,,,,,,,,,
"Nov 11, 2020",418 new cases in Bernalillo County,,69 new cases in McKinley County,,43 new cases in Eddy County,,109 new cases in Chaves County,,14 new cases in Otero County,
"Nov 11, 2020",,,,,,,,,,
"Nov 13, 2020",319 new cases in Bernalillo County,,13 new cases in McKinley County,,28 new cases in Eddy County,,109 new cases in Chaves County,,14 new cases in Otero County,
"Nov 13, 2020",,,,,,,,,,
"Nov 14, 2020",335 new cases in Bernalillo County,,53 new cases in McKinley County,,23 new cases in Eddy County,,61 new cases in Chaves County,,6 new cases in Otero County,
"Nov 14, 2020",,,,,,,,,,
"Nov 15, 2020",252 new cases in Bernalillo County,,44 new cases in McKinley County,,30 new cases in Eddy County,,53 new cases in Chaves County,,20 new cases in Otero County,
"Nov 15, 2020",,,,,,,,,,
"Nov 16, 2020",374 new cases in Bernalillo County,,52 new cases in McKinley County,,48 new cases in Eddy County,,88 new cases in Chaves County,,47 new cases in Otero County,
"Nov 16, 2020",,,,,,,,,,
"Nov 17, 2020",615 new cases in Bernalillo County,,35 new cases in McKinley County,,73 new cases in Eddy County,,109 new cases in Chaves County,,42 new cases in Otero County,
"Nov 17, 2020",,,,,,,,,,
,,,,,,,,,,
"Nov 6, 2020",342 new cases in Bernalillo County,,25 new cases in McKinley County,,29 new cases in Eddy County,,38 new cases in Chaves County,,24 new cases in Otero County,
"Nov 6, 2020",,,,,,,,,,
"Nov 3, 2020",262 new cases in Bernalillo County,,23 new cases in McKinley County,,19 new cases in Eddy County,,108 new cases in Chaves County,,11 new cases in Otero County,
"Nov 3, 2020",,,,,,,,,,
"Nov 8, 2020",276 new cases in Bernalillo County,,20 new cases in McKinley County,,79 new cases in Eddy County,,88 new cases in Chaves County,,8 new cases in Otero County,
"Nov 8, 2020",,,,,,,,,,
"Nov 7, 2020",325 new cases in Bernalillo County,,77 new cases in McKinley County,,40 new cases in Eddy County,,56 new cases in Chaves County,,48 new cases in Otero County,
"Nov 7, 2020",,,,,,,,,,
"Nov 2, 2020",245 new cases in Bernalillo County,,47 new cases in McKinley County,,9 new cases in Eddy County,,12 new cases in Chaves County,,8 new cases in Otero County,
"Nov 2, 2020",,,,,,,,,,
"Nov 9, 2020",464 new cases in Bernalillo County,,36 new cases in McKinley County,,54 new cases in Eddy County,,59 new cases in Chaves County,,42 new cases in Otero County,
"Nov 9, 2020",,,,,,,,,,
"Nov 6, 2020",,,,,,,,,,
"Nov 6, 2020",,,,,,,,,,
,,,,,,,,,,
"Nov 4, 2020",,,,,,,,,,
"Nov 4, 2020",,,,,,,,,,
"Nov 4, 2020",266 new cases in Bernalillo County,,38 new cases in McKinley County,,53 new cases in Eddy County,,37 new cases in Chaves County,,25 new cases in Otero County,
"Nov 4, 2020",,,,,,,,,,
"Nov 5, 2020",202 new cases in Bernalillo County,,26 new cases in McKinley County,,42 new cases in Eddy County,,53 new cases in Chaves County,,7 new cases in Otero County,
"Nov 5, 2020",,,,,,,,,,
"Oct 29, 2020",260 new cases in Bernalillo County,,25 new cases in McKinley County,,24 new cases in Eddy County,,32 new cases in Chaves County,,14 new cases in Otero County,
"Oct 29, 2020",,,,,,,,,,
"Oct 30, 2020",,,,,,,,,,
"Oct 30, 2020",,,,,,,,,,
"Oct 26, 2020",,,,,,,,,,
"Oct 26, 2020",,,,,,,,,,
"Oct 28, 2020",273 new cases in Bernalillo County,,22 new cases in McKinley County,,44 new cases in Eddy County,,19 new cases in Chaves County,,4 new cases in Otero County,
"Oct 28, 2020",,,,,,,,,,
"Oct 27, 2020",141 new cases in Bernalillo County,,14 new cases in McKinley County,,14 new cases in Eddy County,,15 new cases in Chaves County,,15 new cases in Otero County,
"Oct 27, 2020",,,,,,,,,,
"Oct 31, 2020",187 new cases in Bernalillo County,,22 new cases in McKinley County,,9 new cases in Eddy County,,41 new cases in Chaves County,,6 new cases in Otero County,
"Oct 30, 2020",335 new cases in Bernalillo County,,33 new cases in McKinley County,,18 new cases in Eddy County,,29 new cases in Chaves County,,21 new cases in Otero County,
"Oct 30, 2020",,,,,,,,,,
"Oct 31, 2020",,,,,,,,,,
"Oct 30, 2020",,,,,,,,,,
"Oct 30, 2020",,,,,,,,,,
"Nov 1, 2020",224 new cases in Bernalillo County,,25 new cases in McKinley County,,51 new cases in Eddy County,,35 new cases in Chaves County,,16 new cases in Otero County,
"Nov 1, 2020",,,,,,,,,,
"Nov 2, 2020",,,,,,,,,,
"Nov 2, 2020",,,,,,,,,,
,,,,,,,,,,
"Oct 26, 2020",,,,,,,,,,
"Oct 26, 2020",,,,,,,,,,
"Oct 25, 2020",156 new cases in Bernalillo County,,25 new cases in McKinley County,,39 new cases in Eddy County,,42 new cases in Chaves County,,13 new cases in Otero County,
"Oct 25, 2020",,,,,,,,,,
"Oct 20, 2020",154 new cases in Bernalillo County,,16 new cases in McKinley County,,21 new cases in Eddy County,,26 new cases in Chaves County,,29 new cases in Otero County,
"Oct 20, 2020",,,,,,,,,,
"Oct 21, 2020",,,,,,,,,,
"Oct 21, 2020",,,,,,,,,,
"Oct 22, 2020",185 new cases in Bernalillo County,,7 new cases in McKinley County,,46 new cases in Eddy County,,31 new cases in Chaves County,,7 new cases in Otero County,
"Oct 22, 2020",,,,,,,,,,
"Oct 21, 2020",292 new cases in Bernalillo County ,,10 new cases in McKinley County ,,42 new cases in Eddy County ,,27 new cases in Chaves County ,,16 new cases in Otero County ,
"Oct 21, 2020",,,,,,,,,,
"Oct 26, 2020",173 new cases in Bernalillo County,,20 new cases in McKinley County,,25 new cases in Eddy County,,39 new cases in Chaves County,,10 new cases in Otero County,
"Oct 26, 2020",,,,,,,,,,
,,,,,,,,,,
"Oct 24, 2020",251 new cases in Bernalillo County,,32 new cases in McKinley County,,20 new cases in Eddy County,,47 new cases in Chaves County,,34 new cases in Otero County,
"Oct 24, 2020",,,,,,,,,,
"Oct 23, 2020",197 new cases in Bernalillo County,,32 new cases in McKinley County,,37 new cases in Eddy County,,28 new cases in Chaves County,,19 new cases in Otero County,
"Oct 23, 2020",,,,,,,,,,
"Oct 23, 2020",,,,,,,,,,
"Oct 23, 2020",,,,,,,,,,
"Oct 15, 2020",,,,,,,,,,
"Oct 15, 2020",,,,,,,,,,
"Oct 15, 2020",,,,,,,,,,
"Oct 15, 2020",,,,,,,,,,
"Oct 15, 2020",303 new cases in Bernalillo County,,14 new cases in McKinley County,,26 new cases in Eddy County,,37 new cases in Chaves County,,2 new cases in Otero County,
"Oct 15, 2020",,,,,,,,,,
"Oct 16, 2020",,,,,,,,,,
"Oct 16, 2020",,,,,,,,,,
,,,,,,,,,,
"Oct 8, 2020",101 new cases in Bernalillo County,,9 new cases in McKinley County,,14 new cases in Eddy County,,25 new cases in Chaves County,,3 new cases in Otero County,
"Oct 8, 2020",,,,,,,,,,
"Oct 17, 2020",191 new cases in Bernalillo County,,7 new cases in McKinley County,,36 new cases in Eddy County,,24 new cases in Chaves County,,6 new cases in Otero County,
"Oct 17, 2020",,,,,,,,,,
"Oct 16, 2020",178 new cases in Bernalillo County,,5 new cases in McKinley County,,36 new cases in Eddy County,,26 new cases in Chaves County,,23 new cases in Otero County,
"Oct 16, 2020",,,,,,,,,,
"Oct 19, 2020",,,,,,,,,,
"Oct 19, 2020",,,,,,,,,,
"Oct 18, 2020",151 new cases in Bernalillo County,,6 new cases in McKinley County,,13 new cases in Eddy County,,26 new cases in Chaves County,,2 new cases in Otero County,
"Oct 18, 2020",,,,,,,,,,
"Oct 20, 2020",,,,,,,,,,
"Oct 20, 2020",,,,,,,,,,
"Oct 19, 2020",123 new cases in Bernalillo County,,10 new cases in McKinley County,,20 new cases in Eddy County,,30 new cases in Chaves County,,16 new cases in Otero County,
"Oct 19, 2020",,,,,,,,,,
"Oct 9, 2020",,,,,,,,,,
"Oct 9, 2020",,,,,,,,,,
"Oct 9, 2020",135 new cases in Bernalillo County,,12 new cases in McKinley County,,28 new cases in Eddy County,,41 new cases in Chaves County,,5 new cases in Otero County,
"Oct 9, 2020",,,,,,,,,,
"Oct 11, 2020",100 new cases in Bernalillo County,,4 new cases in McKinley County,,,1 new case in Eddy County,27 new cases in Chaves County,,3 new cases in Otero County,
"Oct 11, 2020",,,,,,,,,,
"Oct 10, 2020",167 new cases in Bernalillo County,,9 new cases in McKinley County,,16 new cases in Eddy County,,38 new cases in Chaves County,,4 new cases in Otero County,
"Oct 10, 2020",,,,,,,,,,
"Oct 12, 2020",130 new cases in Bernalillo County,,11 new cases in McKinley County,,21 new cases in Eddy County,,19 new cases in Chaves County,,6 new cases in Otero County,
"Oct 12, 2020",,,,,,,,,,
"Oct 13, 2020",,,,,,,,,,
"Oct 13, 2020",,,,,,,,,,
"Oct 13, 2020",121 new cases in Bernalillo County,,9 new cases in McKinley County,,6 new cases in Eddy County,,10 new cases in Chaves County,,4 new cases in Otero County,
"Oct 13, 2020",,,,,,,,,,
"Oct 14, 2020",199 new cases in Bernalillo County,,6 new cases in McKinley County,,18 new cases in Eddy County,,66 new cases in Chaves County,,10 new cases in Otero County,
"Oct 14, 2020",,,,,,,,,,
,,,,,,,,,,
"Oct 7, 2020",120 new cases in Bernalillo County,,8 new cases in McKinley County,,27 new cases in Eddy County,,35 new cases in Chaves County,,4 new cases in Otero County,
"Oct 7, 2020",,,,,,,,,,
"Oct 2, 2020",99 new cases in Bernalillo County,,7 new cases in McKinley County,,16 new cases in Eddy County,,32 new cases in Chaves County,,4 new cases in Otero County,
"Oct 2, 2020",,,,,,,,,,
"Sep 29, 2020",48 new cases in Bernalillo County,,3 new cases in McKinley County,,14 new cases in Eddy County,,28 new cases in Chaves County,,5 new cases in Otero County,
"Sep 29, 2020",,,,,,,,,,
"Sep 30, 2020",61 new cases in Bernalillo County,,6 new cases in McKinley County,,22 new cases in Eddy County,,31 new cases in Chaves County,,2 new cases in Otero County,
"Sep 30, 2020",,,,,,,,,,
"Oct 3, 2020",75 new cases in Bernalillo County,,2 new cases in McKinley County,,16 new cases in Eddy County,,32 new cases in Chaves County,,4 new cases in Otero County,
"Oct 3, 2020",,,,,,,,,,
"Sep 28, 2020",47 new cases in Bernalillo County,,10 new cases in McKinley County,,4 new cases in Eddy County,,5 new cases in Chaves County,,,1 new case in Otero County
"Sep 28, 2020",,,,,,,,,,
"Oct 1, 2020",53 new cases in Bernalillo County,,4 new cases in McKinley County,,14 new cases in Eddy County,,40 new cases in Chaves County,,,1 new case in Otero County
"Oct 1, 2020",,,,,,,,,,
"Oct 4, 2020",47 new cases in Bernalillo County,,,,5 new cases in Eddy County,,22 new cases in Chaves County,,,
"Oct 4, 2020",,,,,,,,,,
,,,,,,,,,,
"Oct 6, 2020",,,,,,,,,,
"Oct 6, 2020",,,,,,,,,,
"Oct 5, 2020",51 new cases in Bernalillo County,,,1 new case in McKinley County,,,10 new cases in Chaves County,,,1 new case in Otero County
"Oct 5, 2020",,,,,,,,,,
"Oct 6, 2020",138 new cases in Bernalillo County,,11 new cases in McKinley County,,23 new cases in Eddy County,,12 new cases in Chaves County,,,1 new case in Otero County
"Oct 6, 2020",,,,,,,,,,
"Sep 20, 2020",11 new cases in Bernalillo County,,,1 new case in McKinley County,8 new cases in Eddy County,,14 new cases in Chaves County,,,
"Sep 20, 2020",,,,,,,,,,
"Sep 21, 2020",27 new cases in Bernalillo County,,,1 new case in McKinley County,5 new cases in Eddy County,,9 new cases in Chaves County,,,1 new case in Otero County
"Sep 21, 2020",,,,,,,,,,
"Sep 19, 2020",31 new cases in Bernalillo County,,2 new cases in McKinley County,,15 new cases in Eddy County,,10 new cases in Chaves County,,2 new cases in Otero County,
"Sep 19, 2020",,,,,,,,,,
"Sep 18, 2020",30 new cases in Bernalillo County,,2 new cases in McKinley County,,15 new cases in Eddy County,,13 new cases in Chaves County,,2 new cases in Otero County,
"Sep 18, 2020",,,,,,,,,,
,,,,,,,,,,
"Sep 22, 2020",21 new cases in Bernalillo County,,6 new cases in McKinley County,,14 new cases in Eddy County,,4 new cases in Chaves County,,,
"Sep 22, 2020",,,,,,,,,,
"Sep 23, 2020",28 new cases in Bernalillo County,,2 new cases in McKinley County,,22 new cases in Eddy County,,22 new cases in Chaves County,,4 new cases in Otero County,
"Sep 23, 2020",,,,,,,,,,
"Sep 24, 2020",58 new cases in Bernalillo County,,3 new cases in McKinley County,,23 new cases in Eddy County,,16 new cases in Chaves County,,4 new cases in Otero County,
"Sep 24, 2020",,,,,,,,,,
"Sep 25, 2020",51 new cases in Bernalillo County,,5 new cases in McKinley County,,27 new cases in Eddy County,,33 new cases in Chaves County,,6 new cases in Otero County,
"Sep 25, 2020",,,,,,,,,,
"Sep 26, 2020",40 new cases in Bernalillo County,,2 new cases in McKinley County,,11 new cases in Eddy County,,33 new cases in Chaves County,,2 new cases in Otero County,
"Sep 26, 2020",,,,,,,,,,
"Sep 27, 2020",32 new cases in Bernalillo County,,5 new cases in McKinley County,,29 new cases in Eddy County,,11 new cases in Chaves County,,,1 new case in Otero County
"Sep 27, 2020",,,,,,,,,,
"Sep 17, 2020",,,,,,,,,,
"Sep 17, 2020",,,,,,,,,,
"Sep 17, 2020",38 new cases in Bernalillo County,,5 new cases in McKinley County,,10 new cases in Eddy County,,17 new cases in Chaves County,,2 new cases in Otero County,
"Sep 17, 2020",,,,,,,,,,
"Sep 18, 2020",,,,,,,,,,
"Sep 18, 2020",,,,,,,,,,
"Sep 10, 2020",27 new cases in Bernalillo County,,2 new cases in McKinley County,,21 new cases in Eddy County,,31 new cases in Chaves County,,,
"Sep 10, 2020",,,,,,,,,,
,,,,,,,,,,
"Sep 11, 2020",13 new cases in Bernalillo County,,7 new cases in McKinley County,,4 new cases in Eddy County,,40 new cases in Chaves County,,2 new cases in Otero County,
"Sep 11, 2020",,,,,,,,,,
"Sep 12, 2020",14 new cases in Bernalillo County,,5 new cases in McKinley County,,6 new cases in Eddy County,,11 new cases in Chaves County,,7 new cases in Otero County,
"Sep 12, 2020",,,,,,,,,,
"Sep 13, 2020",19 new cases in Bernalillo County,,2 new cases in McKinley County,,5 new cases in Eddy County,,29 new cases in Chaves County,,,
"Sep 13, 2020",,,,,,,,,,
"Sep 15, 2020",17 new cases in Bernalillo County,,12 new cases in McKinley County,,6 new cases in Eddy County,,9 new cases in Chaves County,,,1 new case in Otero County
"Sep 15, 2020",,,,,,,,,,
"Sep 14, 2020",22 new cases in Bernalillo County,,,,,,9 new cases in Chaves County,,,1 new case in Otero County
"Sep 14, 2020",,,,,,,,,,
"Sep 16, 2020",14 new cases in Bernalillo County,,2 new cases in McKinley County,,14 new cases in Eddy County,,10 new cases in Chaves County,,,
"Sep 16, 2020",,,,,,,,,,
"Sep 1, 2020",30 new cases in Bernalillo County,,10 new cases in McKinley County,,8 new cases in Eddy County,,4 new cases in Chaves County,,4 new cases in Otero County,
"Sep 1, 2020",,,,,,,,,,
"Sep 2, 2020",24 new cases in Bernalillo County,,10 new cases in McKinley County,,13 new cases in Eddy County,,24 new cases in Chaves County,,2 new cases in Otero County,
"Sep 2, 2020",,,,,,,,,,
"Sep 3, 2020",37 new cases in Bernalillo County,,6 new cases in McKinley County,,32 new cases in Eddy County,,22 new cases in Chaves County,,3 new cases in Otero County,
"Sep 3, 2020",,,,,,,,,,
"Sep 4, 2020",,,,,,,,,,
"Sep 4, 2020",,,,,,,,,,
"Sep 4, 2020",16 new cases in Bernalillo County,,3 new cases in McKinley County,,8 new cases in Eddy County,,13 new cases in Chaves County,,,
"Sep 4, 2020",,,,,,,,,,
"Sep 5, 2020",24 new cases in Bernalillo County,,9 new cases in McKinley County,,23 new cases in Eddy County,,13 new cases in Chaves County,,,
"Sep 5, 2020",,,,,,,,,,
"Sep 6, 2020",10 new cases in Bernalillo County,,2 new cases in McKinley County,,4 new cases in Eddy County,,16 new cases in Chaves County,,,
"Sep 6, 2020",,,,,,,,,,
"Sep 7, 2020",13 new cases in Bernalillo County,,6 new cases in McKinley County,,4 new cases in Eddy County,,2 new cases in Chaves County,,,1 new case in Otero County
"Sep 7, 2020",,,,,,,,,,
"Sep 9, 2020",6 new cases in Bernalillo County,,6 new cases in McKinley County,,4 new cases in Eddy County,,16 new cases in Chaves County,,,1 new case in Otero County
"Sep 9, 2020",,,,,,,,,,
"Sep 8, 2020",22 new cases in Bernalillo County,,,1 new case in McKinley County,4 new cases in Eddy County,,4 new cases in Chaves County,,,
"Sep 8, 2020",,,,,,,,,,
,,,,,,,,,,
"Aug 25, 2020",14 new cases in Bernalillo County,,6 new cases in McKinley County,,7 new cases in Eddy County,,2 new cases in Chaves County,,,1 new case in Otero County
"Aug 25, 2020",,,,,,,,,,
"Aug 27, 2020",53 new cases in Bernalillo County,,3 new cases in McKinley County,,9 new cases in Eddy County,,16 new cases in Chaves County,,,
"Aug 27, 2020",,,,,,,,,,
"Aug 29, 2020",31 new cases in Bernalillo County,,15 new cases in McKinley County,,6 new cases in Eddy County,,15 new cases in Chaves County,,,
"Aug 29, 2020",,,,,,,,,,
"Aug 26, 2020",,,,,,,,,,
"Aug 26, 2020",,,,,,,,,,
"Aug 30, 2020",22 new cases in Bernalillo County,,2 new cases in McKinley County,,4 new cases in Eddy County,,28 new cases in Chaves County,,,
"Aug 30, 2020",,,,,,,,,,
"Aug 26, 2020",39 new cases in Bernalillo County,,4 new cases in McKinley County,,24 new cases in Eddy County,,20 new cases in Chaves County,,,1 new case in Otero County
"Aug 26, 2020",,,,,,,,,,
"Aug 31, 2020",17 new cases in Bernalillo County,,8 new cases in McKinley County,,6 new cases in Eddy County,,6 new cases in Chaves County,,,
"Aug 31, 2020",,,,,,,,,,
,,,,,,,,,,
"Aug 28, 2020",,,,,,,,,,
"Aug 28, 2020",,,,,,,,,,
"Aug 27, 2020",,,,,,,,,,
"Aug 27, 2020",,,,,,,,,,
"Aug 28, 2020",22 new cases in Bernalillo County,,8 new cases in McKinley County,,10 new cases in Eddy County,,16 new cases in Chaves County,,,1 new case in Otero County
"Aug 28, 2020",,,,,,,,,,
"Aug 16, 2020",22 new cases in Bernalillo County,,2 new cases in McKinley County,,9 new cases in Eddy County,,11 new cases in Chaves County,,2 new cases in Otero County,
"Aug 16, 2020",,,,,,,,,,
"Aug 19, 2020",33 new cases in Bernalillo County,,4 new cases in McKinley County,,15 new cases in Eddy County,,19 new cases in Chaves County,,,
"Aug 19, 2020",,,,,,,,,,
"Aug 17, 2020",29 new cases in Bernalillo County,,4 new cases in McKinley County,,3 new cases in Eddy County,,6 new cases in Chaves County,,,
"Aug 17, 2020",,,,,,,,,,
"Aug 15, 2020",19 new cases in Bernalillo County,,17 new cases in McKinley County,,12 new cases in Eddy County,,9 new cases in Chaves County,,2 new cases in Otero County,
"Aug 15, 2020",,,,,,,,,,
"Aug 23, 2020",17 new cases in Bernalillo County,,5 new cases in McKinley County,,2 new cases in Eddy County,,8 new cases in Chaves County,,,
"Aug 23, 2020",,,,,,,,,,
"Aug 18, 2020",20 new cases in Bernalillo County,,6 new cases in McKinley County,,3 new cases in Eddy County,,4 new cases in Chaves County,,,1 new case in Otero County
"Aug 18, 2020",,,,,,,,,,
"Aug 21, 2020",32 new cases in Bernalillo County,,7 new cases in McKinley County,,11 new cases in Eddy County,,12 new cases in Chaves County,,2 new cases in Otero County,
"Aug 21, 2020",,,,,,,,,,
"Aug 20, 2020",59 new cases in Bernalillo County,,6 new cases in McKinley County,,3 new cases in Eddy County,,14 new cases in Chaves County,,,1 new case in Otero County
"Aug 20, 2020",,,,,,,,,,
"Aug 22, 2020",86 new cases in Bernalillo County,,4 new cases in McKinley County,,7 new cases in Eddy County,,22 new cases in Chaves County,,2 new cases in Otero County,
"Aug 22, 2020",,,,,,,,,,
"Aug 24, 2020",19 new cases in Bernalillo County,,2 new cases in McKinley County,,9 new cases in Eddy County,,4 new cases in Chaves County,,,1 new case in Otero County
"Aug 24, 2020",,,,,,,,,,
,,,,,,,,,,
"Aug 7, 2020",32 new cases in Bernalillo County,,4 new cases in McKinley County,,6 new cases in Eddy County,,8 new cases in Chaves County,,2 new cases in Otero County,
"Aug 7, 2020",,,,,,,,,,
"Aug 8, 2020",34 new cases in Bernalillo County,,6 new cases in McKinley County,,9 new cases in Eddy County,,16 new cases in Chaves County,,,1 new case in Otero County
"Aug 8, 2020",,,,,,,,,,
"Aug 10, 2020",26 new cases in Bernalillo County,,11 new cases in McKinley County,,5 new cases in Eddy County,,5 new cases in Chaves County,,2 new cases in Otero County,
"Aug 10, 2020",,,,,,,,,,
"Aug 7, 2020",,,,,,,,,,
"Aug 7, 2020",,,,,,,,,,
"Aug 6, 2020",42 new cases in Bernalillo County,,8 new cases in McKinley County,,9 new cases in Eddy County,,16 new cases in Chaves County,,2 new cases in Otero County,
"Aug 6, 2020",,,,,,,,,,
"Aug 12, 2020",31 new cases in Bernalillo County,,11 new cases in McKinley County,,18 new cases in Eddy County,,10 new cases in Chaves County,,,1 new case in Otero County
"Aug 12, 2020",,,,,,,,,,
"Aug 11, 2020",36 new cases in Bernalillo County,,10 new cases in McKinley County,,14 new cases in Eddy County,,13 new cases in Chaves County,,,
"Aug 11, 2020",,,,,,,,,,
"Aug 9, 2020",49 new cases in Bernalillo County,,3 new cases in McKinley County,,8 new cases in Eddy County,,22 new cases in Chaves County,,,
"Aug 9, 2020",,,,,,,,,,
"Aug 13, 2020",38 new cases in Bernalillo County,,10 new cases in McKinley County,,15 new cases in Eddy County,,19 new cases in Chaves County,,,
"Aug 13, 2020",,,,,,,,,,
"Aug 14, 2020",40 new cases in Bernalillo County,,17 new cases in McKinley County,,3 new cases in Eddy County,,14 new cases in Chaves County,,,
"Aug 14, 2020",,,,,,,,,,
,,,,,,,,,,
"Aug 3, 2020",18 new cases in Bernalillo County,,2 new cases in McKinley County,,5 new cases in Eddy County,,5 new cases in Chaves County,,5 new cases in Otero County,
"Aug 3, 2020",,,,,,,,,,
"Aug 4, 2020",67 new cases in Bernalillo County,,6 new cases in McKinley County,,9 new cases in Eddy County,,17 new cases in Chaves County,,5 new cases in Otero County,
"Aug 4, 2020",,,,,,,,,,
"Aug 5, 2020",45 new cases in Bernalillo County,,16 new cases in McKinley County,,2 new cases in Eddy County,,12 new cases in Chaves County,,2 new cases in Otero County,
"Aug 5, 2020",,,,,,,,,,
"Jul 29, 2020",87 new cases in Bernalillo County,,8 new cases in McKinley County,,3 new cases in Eddy County,,14 new cases in Chaves County,,2 new cases in Otero County,
"Jul 29, 2020",,,,,,,,,,
"Aug 6, 2020",,,,,,,,,,
"Aug 6, 2020",,,,,,,,,,
"Jul 30, 2020",63 new cases in Bernalillo County,,35 new cases in McKinley County,,3 new cases in Eddy County,,17 new cases in Chaves County,,2 new cases in Otero County,
"Jul 30, 2020",,,,,,,,,,
"Jul 30, 2020",,,,,,,,,,
"Jul 30, 2020",,,,,,,,,,
,,,,,,,,,,
"Jul 31, 2020",49 new cases in Bernalillo County,,11 new cases in McKinley County,,3 new cases in Eddy County,,18 new cases in Chaves County,,3 new cases in Otero County,
"Jul 31, 2020",,,,,,,,,,
"Aug 2, 2020",61 new cases in Bernalillo County,,5 new cases in McKinley County,,6 new cases in Eddy County,,15 new cases in Chaves County,,,1 new case in Otero County
"Aug 2, 2020",,,,,,,,,,
"Aug 1, 2020",68 new cases in Bernalillo County,,11 new cases in McKinley County,,5 new cases in Eddy County,,15 new cases in Chaves County,,,1 new case in Otero County
"Aug 1, 2020",,,,,,,,,,
"Jul 19, 2020",99 new cases in Bernalillo County,,11 new cases in McKinley County,,8 new cases in Eddy County,,,1 new case in Chaves County,2 new cases in Otero County,
"Jul 19, 2020",,,,,,,,,,
"Jul 28, 2020",80 new cases in Bernalillo County,,16 new cases in McKinley County,,9 new cases in Eddy County,,21 new cases in Chaves County,,6 new cases in Otero County,
"Jul 28, 2020",,,,,,,,,,
"Jul 26, 2020",91 new cases in Bernalillo County,,14 new cases in McKinley County,,4 new cases in Eddy County,,7 new cases in Chaves County,,5 new cases in Otero County,
"Jul 26, 2020",,,,,,,,,,
"Jul 27, 2020",62 new cases in Bernalillo County,,13 new cases in McKinley County,,4 new cases in Eddy County,,2 new cases in Chaves County,,21 new cases in Otero County ,
"Jul 27, 2020",,,,,,,,,,
,,,,,,,,,,
"Jul 21, 2020",60 new cases in Bernalillo County,,16 new cases in McKinley County,,9 new cases in Eddy County,,11 new cases in Chaves County,,7 new cases in Otero County,
"Jul 21, 2020",,,,,,,,,,
"Jul 20, 2020",88 new cases in Bernalillo County,,13 new cases in McKinley County,,7 new cases in Eddy County,,15 new cases in Chaves County,,4 new cases in Otero County,
"Jul 20, 2020",,,,,,,,,,
"Jul 22, 2020",89 new cases in Bernalillo County,,35 new cases in McKinley County,,6 new cases in Eddy County,,7 new cases in Chaves County,,7 new cases in Otero County,
"Jul 22, 2020",,,,,,,,,,
"Jul 23, 2020",126 new cases in Bernalillo County,,26 new cases in McKinley County,,6 new cases in Eddy County,,6 new cases in Chaves County,,7 new cases in Otero County,
"Jul 23, 2020",,,,,,,,,,
"Jul 24, 2020",96 new cases in Bernalillo County,,24 new cases in McKinley County,,7 new cases in Eddy County,,18 new cases in Chaves County,,11 new cases in Otero County,
"Jul 24, 2020",,,,,,,,,,
"Jul 25, 2020",93 new cases in Bernalillo County,,28 new cases in McKinley County,,4 new cases in Eddy County,,9 new cases in Chaves County,,5 new cases in Otero County,
"Jul 25, 2020",,,,,,,,,,
"Jul 15, 2020",162 new cases in Bernalillo County,,12 new cases in McKinley County,,4 new cases in Eddy County,,2 new cases in Chaves County,,,1 new case in Otero County
"Jul 15, 2020",,,,,,,,,,
"Jul 16, 2020",103 new cases in Bernalillo County,,20 new cases in McKinley County,,13 new cases in Eddy County,,4 new cases in Chaves County,,5 new cases in Otero County,
"Jul 16, 2020",,,,,,,,,,
"Jul 17, 2020",111 new cases in Bernalillo County,,16 new cases in McKinley County,,,1 new case in Eddy County,2 new cases in Chaves County,,6 new cases in Otero County,
"Jul 17, 2020",,,,,,,,,,
"Jul 13, 2020",,,,,,,,,,
"Jul 13, 2020",,,,,,,,,,
"Jul 18, 2020",99 new cases in Bernalillo County,,19 new cases in McKinley County,,5 new cases in Eddy County,,8 new cases in Chaves County,,3 new cases in Otero County,
"Jul 18, 2020",,,,,,,,,,
"Jul 10, 2020",73 new cases in Bernalillo County,,33 new cases in McKinley County,,3 new cases in Eddy County,,7 new cases in Chaves County,,5 new cases in Otero County,
"Jul 10, 2020",,,,,,,,,,
,,,,,,,,,,
"Jul 12, 2020",111 new cases in Bernalillo County,,20 new cases in McKinley County,,2 new cases in Eddy County,,2 new cases in Chaves County,,4 new cases in Otero County,
"Jul 12, 2020",,,,,,,,,,
"Jul 11, 2020",80 new cases in Bernalillo County,,15 new cases in McKinley County,,13 new cases in Eddy County,,,1 new case in Chaves County,,1 new case in Otero County
"Jul 11, 2020",,,,,,,,,,
"Jul 13, 2020",59 new cases in Bernalillo County,,24 new cases in McKinley County,,4 new cases in Eddy County,,17 new cases in Chaves County,,2 new cases in Otero County,
"Jul 13, 2020",,,,,,,,,,
"Jul 14, 2020",65 new cases in Bernalillo County,,22 new cases in McKinley County,,7 new cases in Eddy County,,5 new cases in Chaves County,,4 new cases in Otero County,
"Jul 14, 2020",,,,,,,,,,
"Jul 4, 2020",79 new cases in Bernalillo County,,34 new cases in McKinley County,,10 new cases in Eddy County,,8 new cases in Chaves County,,7 new cases in Otero County,
"Jul 4, 2020",,,,,,,,,,
"Jul 3, 2020",,,,,,,,,,
"Jul 3, 2020",,,,,,,,,,
"Jul 3, 2020",55 new cases in Bernalillo County,,42 new cases in McKinley County,,8 new cases in Eddy County,,5 new cases in Chaves County,,7 new cases in Otero County,
"Jul 3, 2020",,,,,,,,,,
"Jul 5, 2020",65 new cases in Bernalillo County,,20 new cases in McKinley County,,,1 new case in Eddy County,8 new cases in Chaves County,,,
"Jul 5, 2020",,,,,,,,,,
,,,,,,,,,,
"Jul 7, 2020",88 new cases in Bernalillo County,,12 new cases in McKinley County,,3 new cases in Eddy County,,6 new cases in Chaves County,,,1 new case in Otero County
"Jul 7, 2020",,,,,,,,,,
"Jul 6, 2020",60 new cases in Bernalillo County,,12 new cases in McKinley County,,2 new cases in Eddy County,,6 new cases in Chaves County,,2 new cases in Otero County,
"Jul 6, 2020",,,,,,,,,,
"Jul 8, 2020",99 new cases in Bernalillo County,,23 new cases in McKinley County,,9 new cases in Eddy County,,14 new cases in Chaves County,,,1 new case in Otero County
"Jul 8, 2020",,,,,,,,,,
"Jul 8, 2020",,,,,,,,,,
"Jul 8, 2020",,,,,,,,,,
"Jul 9, 2020",,,,,,,,,,
"Jul 9, 2020",,,,,,,,,,
"Jul 9, 2020",97 new cases in Bernalillo County,,20 new cases in McKinley County,,6 new cases in Eddy County,,4 new cases in Chaves County,,2 new cases in Otero County,
"Jul 9, 2020",,,,,,,,,,
"Jun 27, 2020",37 new cases in Bernalillo County,,23 new cases in McKinley County,,4 new cases in Eddy County,,,,,
"Jun 27, 2020",,,,,,,,,,
"Jun 26, 2020",50 new cases in Bernalillo County,,74 new cases in McKinley County,,2 new cases in Eddy County,,5 new cases in Chaves County,,,1 new case in Otero County
"Jun 26, 2020",,,,,,,,,,
"Jun 25, 2020",60 new cases in Bernalillo County,,37 new cases in McKinley County,,2 new cases in Eddy County,,2 new cases in Chaves County,,,1 new case in Otero County
"Jun 25, 2020",,,,,,,,,,
,,,,,,,,,,
"Jun 28, 2020",45 new cases in Bernalillo County,,28 new cases in McKinley County,,3 new cases in Eddy County,,4 new cases in Chaves County,,4 new cases in Otero County,
"Jun 28, 2020",,,,,,,,,,
"Jun 30, 2020",36 new cases in Bernalillo County,,28 new cases in McKinley County,,2 new cases in Eddy County,,5 new cases in Chaves County,,,1 new case in Otero County
"Jun 30, 2020",,,,,,,,,,
"Jun 29, 2020",45 new cases in Bernalillo County,,11 new cases in McKinley County,,9 new cases in Eddy County,,6 new cases in Chaves County,,3 new cases in Otero County,
"Jun 29, 2020",,,,,,,,,,
"Jul 1, 2020",,,,,,,,,,
"Jul 1, 2020",,,,,,,,,,
"Jul 1, 2020",,,,,,,,,,
"Jul 1, 2020",,,,,,,,,,
"Jul 1, 2020",38 new cases in Bernalillo County,,17 new cases in McKinley County,,,1 new case in Eddy County,,1 new case in Chaves County,,1 new case in Otero County
"Jul 1, 2020",,,,,,,,,,
"Jul 2, 2020",97 new cases in Bernalillo County,,14 new cases in McKinley County,,2 new cases in Eddy County,,5 new cases in Chaves County,,,1 new case in Otero County
"Jul 2, 2020",,,,,,,,,,
"Jun 18, 2020",13 new cases in Bernalillo County,,20 new cases in McKinley County,,,1 new case in Eddy County,,,,
"Jun 18, 2020",,,,,,,,,,
"Jun 17, 2020",20 new cases in Bernalillo County,,20 new cases in McKinley County,,,,2 new cases in Chaves County,,,1 new case in Otero County
"Jun 17, 2020",,,,,,,,,,
"Jun 25, 2020",,,,,,,,,,
"Jun 25, 2020",,,,,,,,,,
"Jun 20, 2020",15 new cases in Bernalillo County,,30 new cases in McKinley County,,2 new cases in Eddy County,,,,,
"Jun 20, 2020",,,,,,,,,,
"Jun 21, 2020",13 new cases in Bernalillo County,,30 new cases in McKinley County,,2 new cases in Eddy County,,,,,
"Jun 21, 2020",,,,,,,,,,
"Jun 19, 2020",15 new cases in Bernalillo County,,22 new cases in McKinley County,,,,3 new cases in Chaves County,,2 new cases in Otero County,
"Jun 19, 2020",,,,,,,,,,
"Jun 22, 2020",22 new cases in Bernalillo County,,32 new cases in McKinley County,,3 new cases in Eddy County,,2 new cases in Chaves County,,,1 new case in Otero County
"Jun 22, 2020",,,,,,,,,,
"Jun 23, 2020",20 new cases in Bernalillo County,,50 new cases in McKinley County,,2 new cases in Eddy County,,,,,
"Jun 23, 2020",,,,,,,,,,
"Jun 24, 2020",34 new cases in Bernalillo County,,24 new cases in McKinley County,,3 new cases in Eddy County,,4 new cases in Chaves County,,,1 new case in Otero County
"Jun 24, 2020",,,,,,,,,,
"Jun 24, 2020",,,,,,,,,,
"Jun 24, 2020",,,,,,,,,,
,,,,,,,,,,
"Jun 9, 2020",12 new cases in Bernalillo County,,12 new cases in McKinley County,,,,,,,1 new case in Otero County
"Jun 9, 2020",,,,,,,,,,
"Jun 10, 2020",12 new cases in Bernalillo County,,50 new cases in McKinley County,,4 new cases in Eddy County,,2 new cases in Chaves County,,,
"Jun 10, 2020",,,,,,,,,,
"Jun 12, 2020",18 new cases in Bernalillo County,,49 new cases in McKinley County,,,1 new case in Eddy County,,1 new case in Chaves County,2 new cases in Otero County,
"Jun 12, 2020",,,,,,,,,,
"Jun 11, 2020",31 new cases in Bernalillo County,,14 new cases in McKinley County,,3 new cases in Eddy County,,2 new cases in Chaves County,,,
"Jun 11, 2020",,,,,,,,,,
"Jun 13, 2020",12 new cases in Bernalillo County,,28 new cases in McKinley County,,,,3 new cases in Chaves County,,,
"Jun 13, 2020",,,,,,,,,,
"Jun 7, 2020",17 new cases in Bernalillo County,,37 new cases in McKinley County,,,5 new case in Eddy County,,,,1 new case in Otero County
"Jun 7, 2020",,,,,,,,,,
"Jun 8, 2020",10 new cases in Bernalillo County,,50 new cases in McKinley County,,3 new cases in Eddy County,,,,,1 new case in Otero County
"Jun 8, 2020",,,,,,,,,,
,,,,,,,,,,
"Jun 14, 2020",12 new cases in Bernalillo County,,16 new cases in McKinley County,,,1 new case in Eddy County,3 new cases in Chaves County,,,
"Jun 14, 2020",,,,,,,,,,
"Jun 1, 2020",,,,,,,,,,
"Jun 1, 2020",,,,,,,,,,
"Jun 16, 2020",27 new cases in Bernalillo County,,13 new cases in McKinley County,,,1 new case in Eddy County,,,,
"Jun 16, 2020",,,,,,,,,,
"Jun 15, 2020",13 new cases in Bernalillo County,,25 new cases in McKinley County,,,,,,,1 new case in Otero County
"Jun 15, 2020",,,,,,,,,,
"May 31, 2020",12 new cases in Bernalillo County,,11 new cases in McKinley County,,2 new cases in Eddy County,,2 new cases in Chaves County,,,
"May 31, 2020",,,,,,,,,,
"Jun 2, 2020",15 new cases in Bernalillo County,,30 new cases in McKinley County,,,,,1 new case in Chaves County,,
"Jun 2, 2020",,,,,,,,,,
"Jun 1, 2020",12 new cases in Bernalillo County,,35 new cases in McKinley County,,2 new cases in Eddy County,,3 new cases in Chaves County,,,
"Jun 1, 2020",,,,,,,,,,
"Jun 2, 2020",,,,,,,,,,
"Jun 2, 2020",,,,,,,,,,
"May 30, 2020",19 new cases in Bernalillo County,,58 new cases in McKinley County,,,,,1 new case in Chaves County,,
"May 30, 2020",,,,,,,,,,
,,,,,,,,,,
"Jun 3, 2020",28 new cases in Bernalillo County,,37 new cases in McKinley County,,,,,,,
"Jun 3, 2020",,,,,,,,,,
"Jun 4, 2020",20 new cases in Bernalillo County,,30 new cases in McKinley County,,3 new cases in Eddy County,,,1 new case in Chaves County,,1 new case in Otero County
"Jun 4, 2020",,,,,,,,,,
"Jun 5, 2020",19 new cases in Bernalillo County,,77 new cases in McKinley County,,2 new cases in Eddy County,,,,2 new cases in Otero County,
"Jun 5, 2020",,,,,,,,,,
"Jun 6, 2020",15 new cases in Bernalillo County,,40 new cases in McKinley County,,,1 new case in Eddy County,,,,
"Jun 6, 2020",,,,,,,,,,
"May 26, 2020",,,,,,,,,,
"May 26, 2020",,,,,,,,,,
"May 28, 2020",,,,,,,,,,
"May 28, 2020",,,,,,,,,,
"May 28, 2020",51 new cases in Bernalillo County,,18 new cases in McKinley County,,2 new cases in Eddy County,,,,,1 new case in Otero County
"May 28, 2020",,,,,,,,,,
"May 28, 2020",,,,,,,,,,
"May 28, 2020",,,,,,,,,,
"May 29, 2020",12 new cases in Bernalillo County,,58 new cases in McKinley County,,,1 new case in Eddy County,,,4 new cases in Otero County,
"May 29, 2020",,,,,,,,,,
"May 25, 2020",13 new cases in Bernalillo County,,25 new cases in McKinley County,,,1 new case in Eddy County,,1 new case in Chaves County,,
"May 25, 2020",,,,,,,,,,
,,,,,,,,,,
"May 26, 2020",,,,,,,,,,
"May 26, 2020",,,,,,,,,,
"May 26, 2020",15 new cases in Bernalillo County,,22 new cases in McKinley County,,,,2 new cases in Chaves County,,3 new cases in Otero County,
"May 26, 2020",,,,,,,,,,
"May 27, 2020",,,,,,,,,,
"May 27, 2020",,,,,,,,,,
"May 27, 2020",24 new cases in Bernalillo County,,33 new cases in McKinley County,,,,,,,
"May 27, 2020",,,,,,,,,,
"May 22, 2020",42 new cases in Bernalillo County,,44 new cases in McKinley County,,,,,1 new case in Chaves County,2 new cases in Otero County,
"May 22, 2020",,,,,,,,,,
"May 20, 2020",30 new cases in Bernalillo County,,25 new cases in McKinley County,,,,,1 new case in Chaves County,,
"May 20, 2020",,,,,,,,,,
"May 19, 2020",9 new cases in Bernalillo County,,35 new cases in McKinley County,,,,,,,
"May 19, 2020",,,,,,,,,,
"May 21, 2020",22 new cases in Bernalillo County,,39 new cases in McKinley County,,,,2 new cases in Chaves County,,,
"May 21, 2020",,,,,,,,,,
"May 20, 2020",,,,,,,,,,
"May 20, 2020",,,,,,,,,,
,,,,,,,,,,
"May 22, 2020",,,,,,,,,,
"May 22, 2020",,,,,,,,,,
"May 22, 2020",,,,,,,,,,
"May 22, 2020",,,,,,,,,,
"May 23, 2020",,,,,,,,,,
"May 23, 2020",,,,,,,,,,
"May 23, 2020",16 new cases in Bernalillo County,,44 new cases in McKinley County,,,,,1 new case in Chaves County,,
"May 23, 2020",,,,,,,,,,
"May 24, 2020",12 new cases in Bernalillo County,,64 new cases in McKinley County,,,1 new case in Eddy County,3 new cases in Chaves County,,2 new cases in Otero County,
"May 24, 2020",,,,,,,,,,
"May 13, 2020",,,,,,,,,,
"May 13, 2020",,,,,,,,,,
"May 15, 2020",,,,,,,,,,
"May 15, 2020",,,,,,,,,,
"May 14, 2020",25 new cases in Bernalillo County,,52 new cases in McKinley County,,3 new cases in Eddy County,,,,,1 new case in Otero County
"May 14, 2020",,,,,,,,,,
"May 13, 2020",16 new cases in Bernalillo County,,53 new cases in McKinley County,,,,,2 new case in Chaves County,,
"May 13, 2020",,,,,,,,,,
,,,,,,,,,,
"May 15, 2020",36 new cases in Bernalillo County,,57 new cases in McKinley County,,,,,,,
"May 15, 2020",,,,,,,,,,
"May 15, 2020",,,,,,,,,,
"May 15, 2020",,,,,,,,,,
"May 15, 2020",,,,,,,,,,
"May 15, 2020",,,,,,,,,,
"May 16, 2020",14 new cases in Bernalillo County,,77 new cases in McKinley County,,,,,,,1 new case in Otero County
"May 16, 2020",,,,,,,,,,
"May 18, 2020",10 new cases in Bernalillo County,,67 new cases in McKinley County,,,,,1 new case in Chaves County,,
"May 18, 2020",,,,,,,,,,
"May 17, 2020",17 new cases in Bernalillo County,,24 new cases in McKinley County,,,,,,,
"May 17, 2020",,,,,,,,,,
"May 7, 2020",32 new cases in Bernalillo County,,65 new cases in McKinley County,,,,,1 new case in Chaves County,,
"May 7, 2020",,,,,,,,,,
"May 7, 2020",,,,,,,,,,
"May 7, 2020",,,,,,,,,,
"May 8, 2020",19 new cases in Bernalillo County,,58 new cases in McKinley County,,,1 new case in Eddy County,,1 new case in Chaves County,6 new cases in Otero County,
"May 8, 2020",,,,,,,,,,
"May 8, 2020",,,,,,,,,,
"May 8, 2020",,,,,,,,,,
"May 9, 2020",20 new cases in Bernalillo County,,48 new cases in McKinley County,,,,,,,
"May 9, 2020",,,,,,,,,,
"May 10, 2020",23 new cases in Bernalillo County,,14 new cases in McKinley County,,,,,,,1 new case in Otero County
"May 10, 2020",,,,,,,,,,
"May 12, 2020",,,,,,,,,,
"May 12, 2020",,,,,,,,,,
"May 11, 2020",14 new cases in Bernalillo County,,63 new cases in McKinley County,,,,,,4 new cases in Otero County,
"May 11, 2020",,,,,,,,,,
"May 12, 2020",,,,,,,,,,
"May 12, 2020",,,,,,,,,,
"May 12, 2020",25 new cases in Bernalillo County,,43 new cases in McKinley County,,,,,1 new case in Chaves County,,
"May 12, 2020",,,,,,,,,,
,,,,,,,,,,
"May 2, 2020",53 new cases in Bernalillo County,,53 new cases in McKinley County,,,1 new case in Eddy County,,,,1 new case in Otero County
"May 2, 2020",,,,,,,,,,
"May 4, 2020",,,,,,,,,,
"May 4, 2020",,,,,,,,,,
"May 4, 2020",24 new cases in Bernalillo County,,89 new cases in McKinley County,,,,,1 new case in Chaves County,3 new cases in Otero County,
"May 4, 2020",,,,,,,,,,
"May 1, 2020",21 new cases in Bernalillo County,,37 new cases in McKinley County,,,,,1 new case in Chaves County,,
"May 1, 2020",,,,,,,,,,
"May 5, 2020",,,,,,,,,,
"May 5, 2020",,,,,,,,,,
"May 3, 2020",,,,,,,,,,
"May 3, 2020",,,,,,,,,,
"May 3, 2020",37 new cases in Bernalillo County,,28 new cases in McKinley County,,,,,,,
"May 3, 2020",,,,,,,,,,
,,,,,,,,,,
"May 5, 2020",21 new cases in Bernalillo County,,43 new cases in McKinley County,,,,,,,
"May 5, 2020",,,,,,,,,,
"May 5, 2020",,,,,,,,,,
"May 5, 2020",,,,,,,,,,
"May 6, 2020",18 new cases in Bernalillo County,,63 new cases in McKinley County,,,,,,,1 new case in Otero County
"May 6, 2020",,,,,,,,,,
"Apr 29, 2020",27 new cases in Bernalillo County,,133 new cases in McKinley County,,,,,,,1 new case in Otero County
"Apr 29, 2020",,,,,,,,,,
"May 1, 2020",,,,,,,,,,
"May 1, 2020",,,,,,,,,,
"Apr 29, 2020",,,,,,,,,,
"Apr 29, 2020",,,,,,,,,,
"Apr 30, 2020",48 new cases in Bernalillo County,,74 new cases in McKinley County,,,,,,,
"Apr 30, 2020",,,,,,,,,,
,,,,,,,,,,
"Apr 26, 2020",18 new cases in Bernalillo County,,12 new cases in McKinley County,,2 new cases in Eddy County,,,,,
"Apr 26, 2020",,,,,,,,,,
"Apr 24, 2020",25 new cases in Bernalillo County,,67 new cases in McKinley County,,,,,,,1 new case in Otero County
"Apr 24, 2020",,,,,,,,,,
"Apr 25, 2020",19 new cases in Bernalillo County,,69 new cases in McKinley County,,,,,,,
"Apr 25, 2020",,,,,,,,,,
"Apr 27, 2020",,,,,,,,,,
"Apr 27, 2020",,,,,,,,,,
"Apr 27, 2020",8 new cases in Bernalillo County,,58 new cases in McKinley County,,,,,,,
"Apr 27, 2020",,,,,,,,,,
"Apr 28, 2020",44 new cases in Bernalillo County,,43 new cases in McKinley County,,,,,,,
"Apr 28, 2020",,,,,,,,,,
"Apr 17, 2020",24 new cases in Bernalillo County,,51 new cases in McKinley County,,2 new cases in Eddy County,,2 new cases in Chaves County,,,
"Apr 17, 2020",,,,,,,,,,
,,,,,,,,,,
"Apr 18, 2020",13 new cases in Bernalillo County,,40 new cases in McKinley County,,,,,,,
"Apr 18, 2020",,,,,,,,,,
"Apr 19, 2020",15 new cases in Bernalillo County,,7 new cases in McKinley County,,,,,,,
"Apr 19, 2020",,,,,,,,,,
"Apr 20, 2020",,,,,,,,,,
"Apr 20, 2020",,,,,,,,,,
"Apr 20, 2020",24 new cases in Bernalillo County,,53 new cases in McKinley County,,,1 new case in Eddy County,,,,
"Apr 20, 2020",,,,,,,,,,
"Apr 22, 2020",,,,,,,,,,
"Apr 22, 2020",,,,,,,,,,
"Apr 21, 2020",20 new cases in Bernalillo County,,45 new cases in McKinley County,,,,,,,
"Apr 21, 2020",,,,,,,,,,
"Apr 22, 2020",15 new cases in Bernalillo County,,59 new cases in McKinley County,,,1 new case in Eddy County,,,,
"Apr 22, 2020",,,,,,,,,,
"Apr 23, 2020",31 new cases in Bernalillo County,,54 new cases in McKinley County,,,,,1 new case in Chaves County,2 new cases in Otero County,
"Apr 23, 2020",,,,,,,,,,
"Apr 24, 2020",,,,,,,,,,
"Apr 24, 2020",,,,,,,,,,
"Apr 14, 2020",,,,,,,,,,
"Apr 14, 2020",,,,,,,,,,
"Apr 13, 2020",15 new cases in Bernalillo County,,48 new cases in McKinley County,,,,,,,
"Apr 13, 2020",,,,,,,,,,
"Apr 14, 2020",9 new cases in Bernalillo County,,13 new cases in McKinley County,,,,,,,
"Apr 14, 2020",,,,,,,,,,
"Apr 12, 2020",18 new cases in Bernalillo County,,4 new cases in McKinley County,,,1 new case in Eddy County,,,,1 new case in Otero County
"Apr 12, 2020",,,,,,,,,,
"Apr 15, 2020",,,,,,,,,,
"Apr 15, 2020",,,,,,,,,,
"Apr 15, 2020",,,,,,,,,,
"Apr 15, 2020",,,,,,,,,,
"Apr 15, 2020",13 new cases in Bernalillo County,,38 new cases in McKinley County,,,,,,,
"Apr 15, 2020",,,,,,,,,,
,,,,,,,,,,
"Apr 11, 2020",,,,,,,,,,
"Apr 11, 2020",,,,,,,,,,
"Apr 16, 2020",17 new cases in Bernalillo County,,23 new cases in McKinley County,,,,,,,
"Apr 16, 2020",,,,,,,,,,
"Apr 17, 2020",,,,,,,,,,
"Apr 17, 2020",,,,,,,,,,
"Apr 6, 2020",,,,,,,,,,
"Apr 6, 2020",,,,,,,,,,
"Apr 10, 2020",38 new cases in Bernalillo County,,29 new cases in McKinley County,,,,,,,
"Apr 10, 2020",,,,,,,,,,
"Apr 8, 2020",20 new cases in Bernalillo County,,15 new cases in McKinley County,,2 new cases in Eddy County,,,1 new case in Chaves County,,
"Apr 8, 2020",,,,,,,,,,
"Apr 7, 2020",,,,,,,,,,
"Apr 7, 2020",,,,,,,,,,
"Apr 7, 2020",42 new cases in Bernalillo County,,11 new cases in McKinley County,,,,,1 new case in Chaves County,,
"Apr 7, 2020",,,,,,,,,,
"Apr 9, 2020",,,,,,,,,,
"Apr 9, 2020",,,,,,,,,,
"Apr 7, 2020",,,,,,,,,,
"Apr 7, 2020",,,,,,,,,,
"Apr 11, 2020",17 new cases in Bernalillo County,,27 new cases in McKinley County,,,,,1 new case in Chaves County,,
"Apr 11, 2020",,,,,,,,,,
,,,,,,,,,,
"Apr 9, 2020",45 new cases in Bernalillo County,,13 new cases in McKinley County,,,,2 new cases in Chaves County,,,
"Apr 9, 2020",,,,,,,,,,
"Apr 10, 2020",,,,,,,,,,
"Apr 10, 2020",,,,,,,,,,
"Apr 1, 2020",,,,,,,,,,
"Apr 1, 2020",,,,,,,,,,
"Apr 2, 2020",15 new cases in Bernalillo County,,4 new cases in McKinley County,,,,3 new cases in Chaves County,,,
"Apr 2, 2020",,,,,,,,,,
"Apr 3, 2020",39 new cases in Bernalillo County,,8 new cases in McKinley County,,,,,,,
"Apr 3, 2020",,,,,,,,,,
"Apr 4, 2020",23 new cases in Bernalillo County,,,1 new case in McKinley County,,,,,,
"Apr 4, 2020",,,,,,,,,,
"Apr 5, 2020",21 new cases in Bernalillo County,,9 new cases in McKinley County,,,,,,,1 new case in Otero County
"Apr 5, 2020",,,,,,,,,,
"Apr 1, 2020",19 new cases in Bernalillo County,,4 new cases in McKinley County,,,,,,,1 new case in Otero County
"Apr 1, 2020",,,,,,,,,,
"Apr 6, 2020",16 new cases in Bernalillo County,,4 new cases in McKinley County,,,,,1 new case in Chaves County,,
"Apr 6, 2020",,,,,,,,,,
,,,,,,,,,,
"Mar 30, 2020",16 new cases in Bernalillo County,,3 new cases in McKinley County,,,,2 new cases in Chaves County,,,
"Mar 30, 2020",,,,,,,,,,
"Mar 31, 2020",,,,,,,,,,
"Mar 31, 2020",,,,,,,,,,
"Mar 31, 2020",12 new cases in Bernalillo County,,4 new cases in McKinley County,,,,,,,
"Mar 31, 2020",,,,,,,,,,
"Mar 26, 2020",,,,,,,,,,
"Mar 26, 2020",,,,,,,,,,
"Mar 26, 2020",,,,,,,,,,
"Mar 26, 2020",,,,,,,,,,
"Mar 27, 2020", 27 new cases in Bernalillo County,, 2 new cases in McKinley County,,, 1 new case in Eddy County,,,,
"Mar 27, 2020",,,,,,,,,,
"Mar 27, 2020",,,,,,,,,,
"Mar 27, 2020",,,,,,,,,,
"Mar 27, 2020",,,,,,,,,,
"Mar 27, 2020",,,,,,,,,,
"Mar 27, 2020",,,,,,,,,,
"Mar 27, 2020",,,,,,,,,,
"Mar 27, 2020",,,,,,,,,,
"Mar 27, 2020",,,,,,,,,,
"Mar 28, 2020",11 new cases in Bernalillo County,,,,,1 new case in Eddy County,3 new cases in Chaves County,,,
"Mar 28, 2020",,,,,,,,,,
"Mar 29, 2020",,,,,,,,,,
"Mar 29, 2020",,,,,,,,,,
"Mar 29, 2020",9 new cases in Bernalillo County,,4 new cases in McKinley County,,,1 new case in Eddy County,,1 new case in Chaves County,,
"Mar 29, 2020",,,,,,,,,,
,,,,,,,,,,
"Mar 23, 2020",,,,,,,,,,
"Mar 23, 2020",,,,,,,,,,
"Mar 21, 2020",,,,,,,,,,
"Mar 21, 2020",,,,,,,,,,
"Mar 23, 2020",,,,,,,,,,
"Mar 23, 2020",,,,,,,,,,
"Mar 24, 2020",,,,,,,,,,
"Mar 24, 2020",,,,,,,,,,
"Mar 23, 2020",,,,,,,,,,
"Mar 23, 2020",,,,,,,,,,
"Mar 25, 2020",,,,,,,,,,
"Mar 25, 2020",,,,,,,,,,
"Mar 20, 2020",,,,,,,,,,
"Mar 20, 2020",,,,,,,,,,
"Mar 22, 2020",,,,,,,,,,
"Mar 22, 2020",,,,,,,,,,
"Mar 25, 2020",,,,,,,,,,
"Mar 25, 2020",,,,,,,,,,
"Mar 25, 2020",,,,,,,,,,
"Mar 25, 2020",,,,,,,,,,
,,,,,,,,,,
"Mar 18, 2020",,,,,,,,,,
"Mar 18, 2020",,,,,,,,,,
"Mar 20, 2020",,,,,,,,,,
"Mar 20, 2020",,,,,,,,,,
"Mar 18, 2020",,,,,,,,,,
"Mar 18, 2020",,,,,,,,,,
"Mar 18, 2020",,,,,,,,,,
"Mar 18, 2020",,,,,,,,,,
"Mar 19, 2020",,,,,,,,,,
"Mar 19, 2020",,,,,,,,,,
"Mar 19, 2020",,,,,,,,,,
"Mar 19, 2020",,,,,,,,,,
"Mar 18, 2020",,,,,,,,,,
"Mar 18, 2020",,,,,,,,,,
,,,,,,,,,,
"Mar 19, 2020",,,,,,,,,,
"Mar 19, 2020",,,,,,,,,,
"Mar 18, 2020",,,,,,,,,,
"Mar 18, 2020",,,,,,,,,,
"Mar 18, 2020",,,,,,,,,,
"Mar 18, 2020",,,,,,,,,,
"Mar 15, 2020",,,,,,,,,,
"Mar 15, 2020",,,,,,,,,,
"Mar 16, 2020",,,,,,,,,,
"Mar 16, 2020",,,,,,,,,,
"Mar 15, 2020",,,,,,,,,,
"Mar 15, 2020",,,,,,,,,,
"Mar 15, 2020",,,,,,,,,,
"Mar 15, 2020",,,,,,,,,,
,,,,,,,,,,
"Mar 16, 2020",,,,,,,,,,
"Mar 16, 2020",,,,,,,,,,
"Mar 16, 2020",,,,,,,,,,
"Mar 16, 2020",,,,,,,,,,
"Mar 16, 2020",,,,,,,,,,
"Mar 16, 2020",,,,,,,,,,
"Mar 17, 2020",,,,,,,,,,
"Mar 17, 2020",,,,,,,,,,
"Mar 17, 2020",,,,,,,,,,
"Mar 17, 2020",,,,,,,,,,
"Mar 17, 2020",,,,,,,,,,
"Mar 17, 2020",,,,,,,,,,
"Mar 10, 2020",,,,,,,,,,
"Mar 10, 2020",,,,,,,,,,
"Mar 6, 2020",,,,,,,,,,
"Mar 6, 2020",,,,,,,,,,
"Mar 11, 2020",,,,,,,,,,
"Mar 11, 2020",,,,,,,,,,
"Mar 11, 2020",,,,,,,,,,
"Mar 11, 2020",,,,,,,,,,
"Mar 11, 2020",,,,,,,,,,
"Mar 11, 2020",,,,,,,,,,
"Mar 12, 2020",,,,,,,,,,
"Mar 12, 2020",,,,,,,,,,
"Mar 12, 2020",,,,,,,,,,
"Mar 12, 2020",,,,,,,,,,
"Mar 13, 2020",,,,,,,,,,
"Mar 13, 2020",,,,,,,,,,
"Mar 14, 2020",,,,,,,,,,
"Mar 14, 2020",,,,,,,,,,
"Mar 14, 2020",,,,,,,,,,
"Mar 14, 2020",,,,,,,,,,
,,,,,,,,,,
"Feb 27, 2020",,,,,,,,,,
"Feb 27, 2020",,,,,,,,,,
"Feb 13, 2020",,,,,,,,,,
"Feb 13, 2020",,,,,,,,,,
"Mar 3, 2020",,,,,,,,,,
"Mar 3, 2020",,,,,,,,,,
"Jan 22, 2020",,,,,,,,,,
"Jan 22, 2020",,,,,,,,,,
"Jan 27, 2020",,,,,,,,,,
"Jan 27, 2020",,,,,,,,,,
"Feb 20, 2020",,,,,,,,,,
"Feb 20, 2020",,,,,,,,,,
"Feb 6, 2020",,,,,,,,,,
"Feb 6, 2020",,,,,,,,,,
